feature_block,method,k,row_count,cluster_count,noise_fraction,minimum_cluster_fraction,inertia,eps,min_samples,fit_scope,silhouette_score,davies_bouldin_score,calinski_harabasz_score,min_cluster_size
reduced_context,dbscan,,4000,1,0.141,1.0,,3.0709,10,bounded_sample,,,,
reduced_context,dbscan,,4000,1,0.1975,1.0,,3.0709,25,bounded_sample,,,,
reduced_context,dbscan,,4000,1,0.28925,1.0,,3.0709,50,bounded_sample,,,,
reduced_context,dbscan,,4000,1,0.52325,1.0,,3.0709,100,bounded_sample,,,,
reduced_context,dbscan,,4000,1,0.0985,1.0,,3.2669,10,bounded_sample,,,,
reduced_context,dbscan,,4000,1,0.13075,1.0,,3.2669,25,bounded_sample,,,,
reduced_context,dbscan,,4000,1,0.169,1.0,,3.2669,50,bounded_sample,,,,
reduced_context,dbscan,,4000,1,0.25175,1.0,,3.2669,100,bounded_sample,,,,
reduced_context,dbscan,,4000,2,0.0865,0.0024630541871921183,,3.3306,10,bounded_sample,0.2201862050372392,1.1912917885381629,16.454511466321186,
reduced_context,dbscan,,4000,1,0.11875,1.0,,3.3306,25,bounded_sample,,,,
reduced_context,dbscan,,4000,1,0.1455,1.0,,3.3306,50,bounded_sample,,,,
reduced_context,dbscan,,4000,1,0.20825,1.0,,3.3306,100,bounded_sample,,,,
reduced_context,dbscan,,4000,3,0.07425,0.0016203078584931137,,3.3978,10,bounded_sample,0.21003177504985154,1.0566704277500205,17.482767706895903,
reduced_context,dbscan,,4000,1,0.10475,1.0,,3.3978,25,bounded_sample,,,,
reduced_context,dbscan,,4000,1,0.1295,1.0,,3.3978,50,bounded_sample,,,,
reduced_context,dbscan,,4000,1,0.177,1.0,,3.3978,100,bounded_sample,,,,
reduced_context,dbscan,,4000,2,0.05225,0.0013189132155104195,,3.544,10,bounded_sample,0.35705382493304605,0.8781768838422565,17.174573477773485,
reduced_context,dbscan,,4000,1,0.0805,1.0,,3.544,25,bounded_sample,,,,
reduced_context,dbscan,,4000,1,0.1025,1.0,,3.544,50,bounded_sample,,,,
reduced_context,dbscan,,4000,1,0.1275,1.0,,3.544,100,bounded_sample,,,,
reduced_context,dbscan,,4000,2,0.05225,0.0013189132155104195,,3.5453,10,bounded_sample,0.35705382493304605,0.8781768838422565,17.174573477773485,
reduced_context,dbscan,,4000,1,0.08,1.0,,3.5453,25,bounded_sample,,,,
reduced_context,dbscan,,4000,1,0.1025,1.0,,3.5453,50,bounded_sample,,,,
reduced_context,dbscan,,4000,1,0.1275,1.0,,3.5453,100,bounded_sample,,,,
reduced_context,dbscan,,4000,2,0.044,0.0023535564853556486,,3.6149,10,bounded_sample,0.3397505509350086,0.9739596341921319,26.994587548682365,
reduced_context,dbscan,,4000,1,0.07375,1.0,,3.6149,25,bounded_sample,,,,
reduced_context,dbscan,,4000,1,0.09225,1.0,,3.6149,50,bounded_sample,,,,
reduced_context,dbscan,,4000,1,0.11525,1.0,,3.6149,100,bounded_sample,,,,
reduced_context,dbscan,,4000,1,0.03425,1.0,,3.7118,10,bounded_sample,,,,
reduced_context,dbscan,,4000,1,0.06425,1.0,,3.7118,25,bounded_sample,,,,
reduced_context,dbscan,,4000,1,0.08,1.0,,3.7118,50,bounded_sample,,,,
reduced_context,dbscan,,4000,1,0.10075,1.0,,3.7118,100,bounded_sample,,,,
reduced_context,dbscan,,4000,1,0.02925,1.0,,3.7751,10,bounded_sample,,,,
reduced_context,dbscan,,4000,1,0.058,1.0,,3.7751,25,bounded_sample,,,,
reduced_context,dbscan,,4000,1,0.07175,1.0,,3.7751,50,bounded_sample,,,,
reduced_context,dbscan,,4000,1,0.0915,1.0,,3.7751,100,bounded_sample,,,,
reduced_context,dbscan,,4000,1,0.02875,1.0,,3.7801,10,bounded_sample,,,,
reduced_context,dbscan,,4000,1,0.058,1.0,,3.7801,25,bounded_sample,,,,
reduced_context,dbscan,,4000,1,0.0715,1.0,,3.7801,50,bounded_sample,,,,
reduced_context,dbscan,,4000,1,0.09075,1.0,,3.7801,100,bounded_sample,,,,
reduced_context,dbscan,,4000,1,0.01675,1.0,,3.9671,10,bounded_sample,,,,
reduced_context,dbscan,,4000,1,0.0355,1.0,,3.9671,25,bounded_sample,,,,
reduced_context,dbscan,,4000,1,0.0525,1.0,,3.9671,50,bounded_sample,,,,
reduced_context,dbscan,,4000,1,0.0675,1.0,,3.9671,100,bounded_sample,,,,
reduced_context,dbscan,,4000,1,0.016,1.0,,3.9764,10,bounded_sample,,,,
reduced_context,dbscan,,4000,1,0.03525,1.0,,3.9764,25,bounded_sample,,,,
reduced_context,dbscan,,4000,1,0.05175,1.0,,3.9764,50,bounded_sample,,,,
reduced_context,dbscan,,4000,1,0.06675,1.0,,3.9764,100,bounded_sample,,,,
reduced_context,dbscan,,4000,1,0.01475,1.0,,4.0096,10,bounded_sample,,,,
reduced_context,dbscan,,4000,1,0.03325,1.0,,4.0096,25,bounded_sample,,,,
reduced_context,dbscan,,4000,1,0.04875,1.0,,4.0096,50,bounded_sample,,,,
reduced_context,dbscan,,4000,1,0.0625,1.0,,4.0096,100,bounded_sample,,,,
reduced_context,dbscan,,4000,1,0.0135,1.0,,4.034,10,bounded_sample,,,,
reduced_context,dbscan,,4000,1,0.0305,1.0,,4.034,25,bounded_sample,,,,
reduced_context,dbscan,,4000,1,0.04625,1.0,,4.034,50,bounded_sample,,,,
reduced_context,dbscan,,4000,1,0.06025,1.0,,4.034,100,bounded_sample,,,,
reduced_context,dbscan,,4000,2,0.005,0.0022613065326633165,,4.2115,10,bounded_sample,0.394971418434192,0.8702904356124376,33.329800347524916,
reduced_context,dbscan,,4000,1,0.0155,1.0,,4.2115,25,bounded_sample,,,,
reduced_context,dbscan,,4000,1,0.03325,1.0,,4.2115,50,bounded_sample,,,,
reduced_context,dbscan,,4000,1,0.0425,1.0,,4.2115,100,bounded_sample,,,,
reduced_context,dbscan,,4000,2,0.005,0.0022613065326633165,,4.2338,10,bounded_sample,0.394971418434192,0.8702904356124376,33.329800347524916,
reduced_context,dbscan,,4000,1,0.015,1.0,,4.2338,25,bounded_sample,,,,
reduced_context,dbscan,,4000,1,0.0325,1.0,,4.2338,50,bounded_sample,,,,
reduced_context,dbscan,,4000,1,0.041,1.0,,4.2338,100,bounded_sample,,,,
reduced_context,dbscan,,4000,2,0.0045,0.0022601707684580612,,4.2716,10,bounded_sample,0.3946394798180661,0.870696426968785,33.27015605308224,
reduced_context,dbscan,,4000,1,0.0135,1.0,,4.2716,25,bounded_sample,,,,
reduced_context,dbscan,,4000,1,0.029,1.0,,4.2716,50,bounded_sample,,,,
reduced_context,dbscan,,4000,1,0.04,1.0,,4.2716,100,bounded_sample,,,,
reduced_context,dbscan,,4000,1,0.002,1.0,,4.4214,10,bounded_sample,,,,
reduced_context,dbscan,,4000,1,0.00825,1.0,,4.4214,25,bounded_sample,,,,
reduced_context,dbscan,,4000,1,0.01875,1.0,,4.4214,50,bounded_sample,,,,
reduced_context,dbscan,,4000,1,0.03025,1.0,,4.4214,100,bounded_sample,,,,
reduced_context,dbscan,,4000,1,0.00175,1.0,,4.5985,10,bounded_sample,,,,
reduced_context,dbscan,,4000,1,0.00525,1.0,,4.5985,25,bounded_sample,,,,
reduced_context,dbscan,,4000,1,0.01,1.0,,4.5985,50,bounded_sample,,,,
reduced_context,dbscan,,4000,1,0.02075,1.0,,4.5985,100,bounded_sample,,,,
reduced_context,dbscan,,4000,1,0.00175,1.0,,4.6768,10,bounded_sample,,,,
reduced_context,dbscan,,4000,1,0.00425,1.0,,4.6768,25,bounded_sample,,,,
reduced_context,dbscan,,4000,1,0.00825,1.0,,4.6768,50,bounded_sample,,,,
reduced_context,dbscan,,4000,1,0.01625,1.0,,4.6768,100,bounded_sample,,,,
reduced_context,dbscan,,4000,1,0.00175,1.0,,4.7028,10,bounded_sample,,,,
reduced_context,dbscan,,4000,1,0.00375,1.0,,4.7028,25,bounded_sample,,,,
reduced_context,dbscan,,4000,1,0.00825,1.0,,4.7028,50,bounded_sample,,,,
reduced_context,dbscan,,4000,1,0.01575,1.0,,4.7028,100,bounded_sample,,,,
reduced_context,dbscan,,4000,1,0.00175,1.0,,4.7912,10,bounded_sample,,,,
reduced_context,dbscan,,4000,1,0.0025,1.0,,4.7912,25,bounded_sample,,,,
reduced_context,dbscan,,4000,1,0.00525,1.0,,4.7912,50,bounded_sample,,,,
reduced_context,dbscan,,4000,1,0.013,1.0,,4.7912,100,bounded_sample,,,,
reduced_context,dbscan,,4000,1,0.00125,1.0,,5.087,10,bounded_sample,,,,
reduced_context,dbscan,,4000,1,0.0015,1.0,,5.087,25,bounded_sample,,,,
reduced_context,dbscan,,4000,1,0.0015,1.0,,5.087,50,bounded_sample,,,,
reduced_context,dbscan,,4000,1,0.004,1.0,,5.087,100,bounded_sample,,,,
reduced_context,dbscan,,4000,1,0.0005,1.0,,5.2586,10,bounded_sample,,,,
reduced_context,dbscan,,4000,1,0.00125,1.0,,5.2586,25,bounded_sample,,,,
reduced_context,dbscan,,4000,1,0.0015,1.0,,5.2586,50,bounded_sample,,,,
reduced_context,dbscan,,4000,1,0.003,1.0,,5.2586,100,bounded_sample,,,,
reduced_context,dbscan,,4000,1,0.0005,1.0,,5.2671,10,bounded_sample,,,,
reduced_context,dbscan,,4000,1,0.00125,1.0,,5.2671,25,bounded_sample,,,,
reduced_context,dbscan,,4000,1,0.0015,1.0,,5.2671,50,bounded_sample,,,,
reduced_context,dbscan,,4000,1,0.0025,1.0,,5.2671,100,bounded_sample,,,,
reduced_context,dbscan,,4000,1,0.00025,1.0,,5.6066,10,bounded_sample,,,,
reduced_context,dbscan,,4000,1,0.0005,1.0,,5.6066,25,bounded_sample,,,,
reduced_context,dbscan,,4000,1,0.0005,1.0,,5.6066,50,bounded_sample,,,,
reduced_context,dbscan,,4000,1,0.001,1.0,,5.6066,100,bounded_sample,,,,
reduced_context,dbscan,,4000,1,0.00025,1.0,,5.8061,10,bounded_sample,,,,
reduced_context,dbscan,,4000,1,0.0005,1.0,,5.8061,25,bounded_sample,,,,
reduced_context,dbscan,,4000,1,0.0005,1.0,,5.8061,50,bounded_sample,,,,
reduced_context,dbscan,,4000,1,0.001,1.0,,5.8061,100,bounded_sample,,,,
reduced_context,dbscan,,4000,1,0.0,1.0,,6.4606,10,bounded_sample,,,,
reduced_context,dbscan,,4000,1,0.00025,1.0,,6.4606,25,bounded_sample,,,,
reduced_context,dbscan,,4000,1,0.00025,1.0,,6.4606,50,bounded_sample,,,,
reduced_context,dbscan,,4000,1,0.00025,1.0,,6.4606,100,bounded_sample,,,,
