source_dataset,group_name,group_value,metric,column_name,value
ns3_lena,all,all,row_count,,12.0
ns3_lena,all,all,non_missing_count,download_throughput_mbps,12.0
ns3_lena,all,all,mean,download_throughput_mbps,12.248124416666665
ns3_lena,all,all,median,download_throughput_mbps,12.26708
ns3_lena,all,all,min,download_throughput_mbps,12.1512
ns3_lena,all,all,max,download_throughput_mbps,12.3138665
ns3_lena,all,all,non_missing_count,latency_ms,12.0
ns3_lena,all,all,mean,latency_ms,110.46480066666668
ns3_lena,all,all,median,latency_ms,110.7043775
ns3_lena,all,all,min,latency_ms,67.046193
ns3_lena,all,all,max,latency_ms,153.41507
ns3_lena,all,all,non_missing_count,jitter_ms,12.0
ns3_lena,all,all,mean,jitter_ms,0.8553108333333332
ns3_lena,all,all,median,jitter_ms,0.8532430000000001
ns3_lena,all,all,min,jitter_ms,0.3348615
ns3_lena,all,all,max,jitter_ms,1.380131
ns3_lena,all,all,non_missing_count,packet_loss_fraction,12.0
ns3_lena,all,all,mean,packet_loss_fraction,0.3509027777777778
ns3_lena,all,all,median,packet_loss_fraction,0.3516666666666666
ns3_lena,all,all,min,packet_loss_fraction,0.2075
ns3_lena,all,all,max,packet_loss_fraction,0.4925
ns3_lena,all,all,non_missing_count,offered_downlink_mbps,12.0
ns3_lena,all,all,mean,offered_downlink_mbps,41.455999999999996
ns3_lena,all,all,median,offered_downlink_mbps,41.456
ns3_lena,all,all,min,offered_downlink_mbps,34.464
ns3_lena,all,all,max,offered_downlink_mbps,48.448
ns3_lena,scenario,medium_load_ofdma_seed_1,row_count,,1.0
ns3_lena,scenario,medium_load_ofdma_seed_1,non_missing_count,download_throughput_mbps,1.0
ns3_lena,scenario,medium_load_ofdma_seed_1,mean,download_throughput_mbps,12.1512
ns3_lena,scenario,medium_load_ofdma_seed_1,median,download_throughput_mbps,12.1512
ns3_lena,scenario,medium_load_ofdma_seed_1,min,download_throughput_mbps,12.1512
ns3_lena,scenario,medium_load_ofdma_seed_1,max,download_throughput_mbps,12.1512
ns3_lena,scenario,medium_load_ofdma_seed_1,non_missing_count,latency_ms,1.0
ns3_lena,scenario,medium_load_ofdma_seed_1,mean,latency_ms,68.204248
ns3_lena,scenario,medium_load_ofdma_seed_1,median,latency_ms,68.204248
ns3_lena,scenario,medium_load_ofdma_seed_1,min,latency_ms,68.204248
ns3_lena,scenario,medium_load_ofdma_seed_1,max,latency_ms,68.204248
ns3_lena,scenario,medium_load_ofdma_seed_1,non_missing_count,jitter_ms,1.0
ns3_lena,scenario,medium_load_ofdma_seed_1,mean,jitter_ms,0.3458104999999999
ns3_lena,scenario,medium_load_ofdma_seed_1,median,jitter_ms,0.3458104999999999
ns3_lena,scenario,medium_load_ofdma_seed_1,min,jitter_ms,0.3458104999999999
ns3_lena,scenario,medium_load_ofdma_seed_1,max,jitter_ms,0.3458104999999999
ns3_lena,scenario,medium_load_ofdma_seed_1,non_missing_count,packet_loss_fraction,1.0
ns3_lena,scenario,medium_load_ofdma_seed_1,mean,packet_loss_fraction,0.2116666666666666
ns3_lena,scenario,medium_load_ofdma_seed_1,median,packet_loss_fraction,0.2116666666666666
ns3_lena,scenario,medium_load_ofdma_seed_1,min,packet_loss_fraction,0.2116666666666666
ns3_lena,scenario,medium_load_ofdma_seed_1,max,packet_loss_fraction,0.2116666666666666
ns3_lena,scenario,medium_load_ofdma_seed_1,non_missing_count,offered_downlink_mbps,1.0
ns3_lena,scenario,medium_load_ofdma_seed_1,mean,offered_downlink_mbps,34.464
ns3_lena,scenario,medium_load_ofdma_seed_1,median,offered_downlink_mbps,34.464
ns3_lena,scenario,medium_load_ofdma_seed_1,min,offered_downlink_mbps,34.464
ns3_lena,scenario,medium_load_ofdma_seed_1,max,offered_downlink_mbps,34.464
ns3_lena,scenario,medium_load_ofdma_seed_2,row_count,,1.0
ns3_lena,scenario,medium_load_ofdma_seed_2,non_missing_count,download_throughput_mbps,1.0
ns3_lena,scenario,medium_load_ofdma_seed_2,mean,download_throughput_mbps,12.1512
ns3_lena,scenario,medium_load_ofdma_seed_2,median,download_throughput_mbps,12.1512
ns3_lena,scenario,medium_load_ofdma_seed_2,min,download_throughput_mbps,12.1512
ns3_lena,scenario,medium_load_ofdma_seed_2,max,download_throughput_mbps,12.1512
ns3_lena,scenario,medium_load_ofdma_seed_2,non_missing_count,latency_ms,1.0
ns3_lena,scenario,medium_load_ofdma_seed_2,mean,latency_ms,68.1601245
ns3_lena,scenario,medium_load_ofdma_seed_2,median,latency_ms,68.1601245
ns3_lena,scenario,medium_load_ofdma_seed_2,min,latency_ms,68.1601245
ns3_lena,scenario,medium_load_ofdma_seed_2,max,latency_ms,68.1601245
ns3_lena,scenario,medium_load_ofdma_seed_2,non_missing_count,jitter_ms,1.0
ns3_lena,scenario,medium_load_ofdma_seed_2,mean,jitter_ms,0.345487
ns3_lena,scenario,medium_load_ofdma_seed_2,median,jitter_ms,0.345487
ns3_lena,scenario,medium_load_ofdma_seed_2,min,jitter_ms,0.345487
ns3_lena,scenario,medium_load_ofdma_seed_2,max,jitter_ms,0.345487
ns3_lena,scenario,medium_load_ofdma_seed_2,non_missing_count,packet_loss_fraction,1.0
ns3_lena,scenario,medium_load_ofdma_seed_2,mean,packet_loss_fraction,0.2116666666666666
ns3_lena,scenario,medium_load_ofdma_seed_2,median,packet_loss_fraction,0.2116666666666666
ns3_lena,scenario,medium_load_ofdma_seed_2,min,packet_loss_fraction,0.2116666666666666
ns3_lena,scenario,medium_load_ofdma_seed_2,max,packet_loss_fraction,0.2116666666666666
ns3_lena,scenario,medium_load_ofdma_seed_2,non_missing_count,offered_downlink_mbps,1.0
ns3_lena,scenario,medium_load_ofdma_seed_2,mean,offered_downlink_mbps,34.464
ns3_lena,scenario,medium_load_ofdma_seed_2,median,offered_downlink_mbps,34.464
ns3_lena,scenario,medium_load_ofdma_seed_2,min,offered_downlink_mbps,34.464
ns3_lena,scenario,medium_load_ofdma_seed_2,max,offered_downlink_mbps,34.464
ns3_lena,scenario,medium_load_ofdma_seed_3,row_count,,1.0
ns3_lena,scenario,medium_load_ofdma_seed_3,non_missing_count,download_throughput_mbps,1.0
ns3_lena,scenario,medium_load_ofdma_seed_3,mean,download_throughput_mbps,12.1512
ns3_lena,scenario,medium_load_ofdma_seed_3,median,download_throughput_mbps,12.1512
ns3_lena,scenario,medium_load_ofdma_seed_3,min,download_throughput_mbps,12.1512
ns3_lena,scenario,medium_load_ofdma_seed_3,max,download_throughput_mbps,12.1512
ns3_lena,scenario,medium_load_ofdma_seed_3,non_missing_count,latency_ms,1.0
ns3_lena,scenario,medium_load_ofdma_seed_3,mean,latency_ms,68.1830835
ns3_lena,scenario,medium_load_ofdma_seed_3,median,latency_ms,68.1830835
ns3_lena,scenario,medium_load_ofdma_seed_3,min,latency_ms,68.1830835
ns3_lena,scenario,medium_load_ofdma_seed_3,max,latency_ms,68.1830835
ns3_lena,scenario,medium_load_ofdma_seed_3,non_missing_count,jitter_ms,1.0
ns3_lena,scenario,medium_load_ofdma_seed_3,mean,jitter_ms,0.345895
ns3_lena,scenario,medium_load_ofdma_seed_3,median,jitter_ms,0.345895
ns3_lena,scenario,medium_load_ofdma_seed_3,min,jitter_ms,0.345895
ns3_lena,scenario,medium_load_ofdma_seed_3,max,jitter_ms,0.345895
ns3_lena,scenario,medium_load_ofdma_seed_3,non_missing_count,packet_loss_fraction,1.0
ns3_lena,scenario,medium_load_ofdma_seed_3,mean,packet_loss_fraction,0.2116666666666666
ns3_lena,scenario,medium_load_ofdma_seed_3,median,packet_loss_fraction,0.2116666666666666
ns3_lena,scenario,medium_load_ofdma_seed_3,min,packet_loss_fraction,0.2116666666666666
ns3_lena,scenario,medium_load_ofdma_seed_3,max,packet_loss_fraction,0.2116666666666666
ns3_lena,scenario,medium_load_ofdma_seed_3,non_missing_count,offered_downlink_mbps,1.0
ns3_lena,scenario,medium_load_ofdma_seed_3,mean,offered_downlink_mbps,34.464
ns3_lena,scenario,medium_load_ofdma_seed_3,median,offered_downlink_mbps,34.464
ns3_lena,scenario,medium_load_ofdma_seed_3,min,offered_downlink_mbps,34.464
ns3_lena,scenario,medium_load_ofdma_seed_3,max,offered_downlink_mbps,34.464
ns3_lena,scenario,medium_load_tdma_seed_1,row_count,,1.0
ns3_lena,scenario,medium_load_tdma_seed_1,non_missing_count,download_throughput_mbps,1.0
ns3_lena,scenario,medium_load_tdma_seed_1,mean,download_throughput_mbps,12.240480000000002
ns3_lena,scenario,medium_load_tdma_seed_1,median,download_throughput_mbps,12.240480000000002
ns3_lena,scenario,medium_load_tdma_seed_1,min,download_throughput_mbps,12.240480000000002
ns3_lena,scenario,medium_load_tdma_seed_1,max,download_throughput_mbps,12.240480000000002
ns3_lena,scenario,medium_load_tdma_seed_1,non_missing_count,latency_ms,1.0
ns3_lena,scenario,medium_load_tdma_seed_1,mean,latency_ms,67.092904
ns3_lena,scenario,medium_load_tdma_seed_1,median,latency_ms,67.092904
ns3_lena,scenario,medium_load_tdma_seed_1,min,latency_ms,67.092904
ns3_lena,scenario,medium_load_tdma_seed_1,max,latency_ms,67.092904
ns3_lena,scenario,medium_load_tdma_seed_1,non_missing_count,jitter_ms,1.0
ns3_lena,scenario,medium_load_tdma_seed_1,mean,jitter_ms,0.335063
ns3_lena,scenario,medium_load_tdma_seed_1,median,jitter_ms,0.335063
ns3_lena,scenario,medium_load_tdma_seed_1,min,jitter_ms,0.335063
ns3_lena,scenario,medium_load_tdma_seed_1,max,jitter_ms,0.335063
ns3_lena,scenario,medium_load_tdma_seed_1,non_missing_count,packet_loss_fraction,1.0
ns3_lena,scenario,medium_load_tdma_seed_1,mean,packet_loss_fraction,0.2075
ns3_lena,scenario,medium_load_tdma_seed_1,median,packet_loss_fraction,0.2075
ns3_lena,scenario,medium_load_tdma_seed_1,min,packet_loss_fraction,0.2075
ns3_lena,scenario,medium_load_tdma_seed_1,max,packet_loss_fraction,0.2075
ns3_lena,scenario,medium_load_tdma_seed_1,non_missing_count,offered_downlink_mbps,1.0
ns3_lena,scenario,medium_load_tdma_seed_1,mean,offered_downlink_mbps,34.464
ns3_lena,scenario,medium_load_tdma_seed_1,median,offered_downlink_mbps,34.464
ns3_lena,scenario,medium_load_tdma_seed_1,min,offered_downlink_mbps,34.464
ns3_lena,scenario,medium_load_tdma_seed_1,max,offered_downlink_mbps,34.464
ns3_lena,scenario,medium_load_tdma_seed_2,row_count,,1.0
ns3_lena,scenario,medium_load_tdma_seed_2,non_missing_count,download_throughput_mbps,1.0
ns3_lena,scenario,medium_load_tdma_seed_2,mean,download_throughput_mbps,12.240480000000002
ns3_lena,scenario,medium_load_tdma_seed_2,median,download_throughput_mbps,12.240480000000002
ns3_lena,scenario,medium_load_tdma_seed_2,min,download_throughput_mbps,12.240480000000002
ns3_lena,scenario,medium_load_tdma_seed_2,max,download_throughput_mbps,12.240480000000002
ns3_lena,scenario,medium_load_tdma_seed_2,non_missing_count,latency_ms,1.0
ns3_lena,scenario,medium_load_tdma_seed_2,mean,latency_ms,67.046193
ns3_lena,scenario,medium_load_tdma_seed_2,median,latency_ms,67.046193
ns3_lena,scenario,medium_load_tdma_seed_2,min,latency_ms,67.046193
ns3_lena,scenario,medium_load_tdma_seed_2,max,latency_ms,67.046193
ns3_lena,scenario,medium_load_tdma_seed_2,non_missing_count,jitter_ms,1.0
ns3_lena,scenario,medium_load_tdma_seed_2,mean,jitter_ms,0.3354665
ns3_lena,scenario,medium_load_tdma_seed_2,median,jitter_ms,0.3354665
ns3_lena,scenario,medium_load_tdma_seed_2,min,jitter_ms,0.3354665
ns3_lena,scenario,medium_load_tdma_seed_2,max,jitter_ms,0.3354665
ns3_lena,scenario,medium_load_tdma_seed_2,non_missing_count,packet_loss_fraction,1.0
ns3_lena,scenario,medium_load_tdma_seed_2,mean,packet_loss_fraction,0.2075
ns3_lena,scenario,medium_load_tdma_seed_2,median,packet_loss_fraction,0.2075
ns3_lena,scenario,medium_load_tdma_seed_2,min,packet_loss_fraction,0.2075
ns3_lena,scenario,medium_load_tdma_seed_2,max,packet_loss_fraction,0.2075
ns3_lena,scenario,medium_load_tdma_seed_2,non_missing_count,offered_downlink_mbps,1.0
ns3_lena,scenario,medium_load_tdma_seed_2,mean,offered_downlink_mbps,34.464
ns3_lena,scenario,medium_load_tdma_seed_2,median,offered_downlink_mbps,34.464
ns3_lena,scenario,medium_load_tdma_seed_2,min,offered_downlink_mbps,34.464
ns3_lena,scenario,medium_load_tdma_seed_2,max,offered_downlink_mbps,34.464
ns3_lena,scenario,medium_load_tdma_seed_3,row_count,,1.0
ns3_lena,scenario,medium_load_tdma_seed_3,non_missing_count,download_throughput_mbps,1.0
ns3_lena,scenario,medium_load_tdma_seed_3,mean,download_throughput_mbps,12.240480000000002
ns3_lena,scenario,medium_load_tdma_seed_3,median,download_throughput_mbps,12.240480000000002
ns3_lena,scenario,medium_load_tdma_seed_3,min,download_throughput_mbps,12.240480000000002
ns3_lena,scenario,medium_load_tdma_seed_3,max,download_throughput_mbps,12.240480000000002
ns3_lena,scenario,medium_load_tdma_seed_3,non_missing_count,latency_ms,1.0
ns3_lena,scenario,medium_load_tdma_seed_3,mean,latency_ms,67.0674805
ns3_lena,scenario,medium_load_tdma_seed_3,median,latency_ms,67.0674805
ns3_lena,scenario,medium_load_tdma_seed_3,min,latency_ms,67.0674805
ns3_lena,scenario,medium_load_tdma_seed_3,max,latency_ms,67.0674805
ns3_lena,scenario,medium_load_tdma_seed_3,non_missing_count,jitter_ms,1.0
ns3_lena,scenario,medium_load_tdma_seed_3,mean,jitter_ms,0.3348615
ns3_lena,scenario,medium_load_tdma_seed_3,median,jitter_ms,0.3348615
ns3_lena,scenario,medium_load_tdma_seed_3,min,jitter_ms,0.3348615
ns3_lena,scenario,medium_load_tdma_seed_3,max,jitter_ms,0.3348615
ns3_lena,scenario,medium_load_tdma_seed_3,non_missing_count,packet_loss_fraction,1.0
ns3_lena,scenario,medium_load_tdma_seed_3,mean,packet_loss_fraction,0.2075
ns3_lena,scenario,medium_load_tdma_seed_3,median,packet_loss_fraction,0.2075
ns3_lena,scenario,medium_load_tdma_seed_3,min,packet_loss_fraction,0.2075
ns3_lena,scenario,medium_load_tdma_seed_3,max,packet_loss_fraction,0.2075
ns3_lena,scenario,medium_load_tdma_seed_3,non_missing_count,offered_downlink_mbps,1.0
ns3_lena,scenario,medium_load_tdma_seed_3,mean,offered_downlink_mbps,34.464
ns3_lena,scenario,medium_load_tdma_seed_3,median,offered_downlink_mbps,34.464
ns3_lena,scenario,medium_load_tdma_seed_3,min,offered_downlink_mbps,34.464
ns3_lena,scenario,medium_load_tdma_seed_3,max,offered_downlink_mbps,34.464
ns3_lena,scenario,saturation_load_ofdma_seed_1,row_count,,1.0
ns3_lena,scenario,saturation_load_ofdma_seed_1,non_missing_count,download_throughput_mbps,1.0
ns3_lena,scenario,saturation_load_ofdma_seed_1,mean,download_throughput_mbps,12.29368
ns3_lena,scenario,saturation_load_ofdma_seed_1,median,download_throughput_mbps,12.29368
ns3_lena,scenario,saturation_load_ofdma_seed_1,min,download_throughput_mbps,12.29368
ns3_lena,scenario,saturation_load_ofdma_seed_1,max,download_throughput_mbps,12.29368
ns3_lena,scenario,saturation_load_ofdma_seed_1,non_missing_count,latency_ms,1.0
ns3_lena,scenario,saturation_load_ofdma_seed_1,mean,latency_ms,153.218834
ns3_lena,scenario,saturation_load_ofdma_seed_1,median,latency_ms,153.218834
ns3_lena,scenario,saturation_load_ofdma_seed_1,min,latency_ms,153.218834
ns3_lena,scenario,saturation_load_ofdma_seed_1,max,latency_ms,153.218834
ns3_lena,scenario,saturation_load_ofdma_seed_1,non_missing_count,jitter_ms,1.0
ns3_lena,scenario,saturation_load_ofdma_seed_1,mean,jitter_ms,1.360591
ns3_lena,scenario,saturation_load_ofdma_seed_1,median,jitter_ms,1.360591
ns3_lena,scenario,saturation_load_ofdma_seed_1,min,jitter_ms,1.360591
ns3_lena,scenario,saturation_load_ofdma_seed_1,max,jitter_ms,1.360591
ns3_lena,scenario,saturation_load_ofdma_seed_1,non_missing_count,packet_loss_fraction,1.0
ns3_lena,scenario,saturation_load_ofdma_seed_1,mean,packet_loss_fraction,0.4925
ns3_lena,scenario,saturation_load_ofdma_seed_1,median,packet_loss_fraction,0.4925
ns3_lena,scenario,saturation_load_ofdma_seed_1,min,packet_loss_fraction,0.4925
ns3_lena,scenario,saturation_load_ofdma_seed_1,max,packet_loss_fraction,0.4925
ns3_lena,scenario,saturation_load_ofdma_seed_1,non_missing_count,offered_downlink_mbps,1.0
ns3_lena,scenario,saturation_load_ofdma_seed_1,mean,offered_downlink_mbps,48.448
ns3_lena,scenario,saturation_load_ofdma_seed_1,median,offered_downlink_mbps,48.448
ns3_lena,scenario,saturation_load_ofdma_seed_1,min,offered_downlink_mbps,48.448
ns3_lena,scenario,saturation_load_ofdma_seed_1,max,offered_downlink_mbps,48.448
ns3_lena,scenario,saturation_load_ofdma_seed_2,row_count,,1.0
ns3_lena,scenario,saturation_load_ofdma_seed_2,non_missing_count,download_throughput_mbps,1.0
ns3_lena,scenario,saturation_load_ofdma_seed_2,mean,download_throughput_mbps,12.3138665
ns3_lena,scenario,saturation_load_ofdma_seed_2,median,download_throughput_mbps,12.3138665
ns3_lena,scenario,saturation_load_ofdma_seed_2,min,download_throughput_mbps,12.3138665
ns3_lena,scenario,saturation_load_ofdma_seed_2,max,download_throughput_mbps,12.3138665
ns3_lena,scenario,saturation_load_ofdma_seed_2,non_missing_count,latency_ms,1.0
ns3_lena,scenario,saturation_load_ofdma_seed_2,mean,latency_ms,153.265925
ns3_lena,scenario,saturation_load_ofdma_seed_2,median,latency_ms,153.265925
ns3_lena,scenario,saturation_load_ofdma_seed_2,min,latency_ms,153.265925
ns3_lena,scenario,saturation_load_ofdma_seed_2,max,latency_ms,153.265925
ns3_lena,scenario,saturation_load_ofdma_seed_2,non_missing_count,jitter_ms,1.0
ns3_lena,scenario,saturation_load_ofdma_seed_2,mean,jitter_ms,1.3606775
ns3_lena,scenario,saturation_load_ofdma_seed_2,median,jitter_ms,1.3606775
ns3_lena,scenario,saturation_load_ofdma_seed_2,min,jitter_ms,1.3606775
ns3_lena,scenario,saturation_load_ofdma_seed_2,max,jitter_ms,1.3606775
ns3_lena,scenario,saturation_load_ofdma_seed_2,non_missing_count,packet_loss_fraction,1.0
ns3_lena,scenario,saturation_load_ofdma_seed_2,mean,packet_loss_fraction,0.4916666666666667
ns3_lena,scenario,saturation_load_ofdma_seed_2,median,packet_loss_fraction,0.4916666666666667
ns3_lena,scenario,saturation_load_ofdma_seed_2,min,packet_loss_fraction,0.4916666666666667
ns3_lena,scenario,saturation_load_ofdma_seed_2,max,packet_loss_fraction,0.4916666666666667
ns3_lena,scenario,saturation_load_ofdma_seed_2,non_missing_count,offered_downlink_mbps,1.0
ns3_lena,scenario,saturation_load_ofdma_seed_2,mean,offered_downlink_mbps,48.448
ns3_lena,scenario,saturation_load_ofdma_seed_2,median,offered_downlink_mbps,48.448
ns3_lena,scenario,saturation_load_ofdma_seed_2,min,offered_downlink_mbps,48.448
ns3_lena,scenario,saturation_load_ofdma_seed_2,max,offered_downlink_mbps,48.448
ns3_lena,scenario,saturation_load_ofdma_seed_3,row_count,,1.0
ns3_lena,scenario,saturation_load_ofdma_seed_3,non_missing_count,download_throughput_mbps,1.0
ns3_lena,scenario,saturation_load_ofdma_seed_3,mean,download_throughput_mbps,12.29368
ns3_lena,scenario,saturation_load_ofdma_seed_3,median,download_throughput_mbps,12.29368
ns3_lena,scenario,saturation_load_ofdma_seed_3,min,download_throughput_mbps,12.29368
ns3_lena,scenario,saturation_load_ofdma_seed_3,max,download_throughput_mbps,12.29368
ns3_lena,scenario,saturation_load_ofdma_seed_3,non_missing_count,latency_ms,1.0
ns3_lena,scenario,saturation_load_ofdma_seed_3,mean,latency_ms,153.204507
ns3_lena,scenario,saturation_load_ofdma_seed_3,median,latency_ms,153.204507
ns3_lena,scenario,saturation_load_ofdma_seed_3,min,latency_ms,153.204507
ns3_lena,scenario,saturation_load_ofdma_seed_3,max,latency_ms,153.204507
ns3_lena,scenario,saturation_load_ofdma_seed_3,non_missing_count,jitter_ms,1.0
ns3_lena,scenario,saturation_load_ofdma_seed_3,mean,jitter_ms,1.360591
ns3_lena,scenario,saturation_load_ofdma_seed_3,median,jitter_ms,1.360591
ns3_lena,scenario,saturation_load_ofdma_seed_3,min,jitter_ms,1.360591
ns3_lena,scenario,saturation_load_ofdma_seed_3,max,jitter_ms,1.360591
ns3_lena,scenario,saturation_load_ofdma_seed_3,non_missing_count,packet_loss_fraction,1.0
ns3_lena,scenario,saturation_load_ofdma_seed_3,mean,packet_loss_fraction,0.4925
ns3_lena,scenario,saturation_load_ofdma_seed_3,median,packet_loss_fraction,0.4925
ns3_lena,scenario,saturation_load_ofdma_seed_3,min,packet_loss_fraction,0.4925
ns3_lena,scenario,saturation_load_ofdma_seed_3,max,packet_loss_fraction,0.4925
ns3_lena,scenario,saturation_load_ofdma_seed_3,non_missing_count,offered_downlink_mbps,1.0
ns3_lena,scenario,saturation_load_ofdma_seed_3,mean,offered_downlink_mbps,48.448
ns3_lena,scenario,saturation_load_ofdma_seed_3,median,offered_downlink_mbps,48.448
ns3_lena,scenario,saturation_load_ofdma_seed_3,min,offered_downlink_mbps,48.448
ns3_lena,scenario,saturation_load_ofdma_seed_3,max,offered_downlink_mbps,48.448
ns3_lena,scenario,saturation_load_tdma_seed_1,row_count,,1.0
ns3_lena,scenario,saturation_load_tdma_seed_1,non_missing_count,download_throughput_mbps,1.0
ns3_lena,scenario,saturation_load_tdma_seed_1,mean,download_throughput_mbps,12.29368
ns3_lena,scenario,saturation_load_tdma_seed_1,median,download_throughput_mbps,12.29368
ns3_lena,scenario,saturation_load_tdma_seed_1,min,download_throughput_mbps,12.29368
ns3_lena,scenario,saturation_load_tdma_seed_1,max,download_throughput_mbps,12.29368
ns3_lena,scenario,saturation_load_tdma_seed_1,non_missing_count,latency_ms,1.0
ns3_lena,scenario,saturation_load_tdma_seed_1,mean,latency_ms,153.393794
ns3_lena,scenario,saturation_load_tdma_seed_1,median,latency_ms,153.393794
ns3_lena,scenario,saturation_load_tdma_seed_1,min,latency_ms,153.393794
ns3_lena,scenario,saturation_load_tdma_seed_1,max,latency_ms,153.393794
ns3_lena,scenario,saturation_load_tdma_seed_1,non_missing_count,jitter_ms,1.0
ns3_lena,scenario,saturation_load_tdma_seed_1,mean,jitter_ms,1.380131
ns3_lena,scenario,saturation_load_tdma_seed_1,median,jitter_ms,1.380131
ns3_lena,scenario,saturation_load_tdma_seed_1,min,jitter_ms,1.380131
ns3_lena,scenario,saturation_load_tdma_seed_1,max,jitter_ms,1.380131
ns3_lena,scenario,saturation_load_tdma_seed_1,non_missing_count,packet_loss_fraction,1.0
ns3_lena,scenario,saturation_load_tdma_seed_1,mean,packet_loss_fraction,0.4925
ns3_lena,scenario,saturation_load_tdma_seed_1,median,packet_loss_fraction,0.4925
ns3_lena,scenario,saturation_load_tdma_seed_1,min,packet_loss_fraction,0.4925
ns3_lena,scenario,saturation_load_tdma_seed_1,max,packet_loss_fraction,0.4925
ns3_lena,scenario,saturation_load_tdma_seed_1,non_missing_count,offered_downlink_mbps,1.0
ns3_lena,scenario,saturation_load_tdma_seed_1,mean,offered_downlink_mbps,48.448
ns3_lena,scenario,saturation_load_tdma_seed_1,median,offered_downlink_mbps,48.448
ns3_lena,scenario,saturation_load_tdma_seed_1,min,offered_downlink_mbps,48.448
ns3_lena,scenario,saturation_load_tdma_seed_1,max,offered_downlink_mbps,48.448
ns3_lena,scenario,saturation_load_tdma_seed_2,row_count,,1.0
ns3_lena,scenario,saturation_load_tdma_seed_2,non_missing_count,download_throughput_mbps,1.0
ns3_lena,scenario,saturation_load_tdma_seed_2,mean,download_throughput_mbps,12.29368
ns3_lena,scenario,saturation_load_tdma_seed_2,median,download_throughput_mbps,12.29368
ns3_lena,scenario,saturation_load_tdma_seed_2,min,download_throughput_mbps,12.29368
ns3_lena,scenario,saturation_load_tdma_seed_2,max,download_throughput_mbps,12.29368
ns3_lena,scenario,saturation_load_tdma_seed_2,non_missing_count,latency_ms,1.0
ns3_lena,scenario,saturation_load_tdma_seed_2,mean,latency_ms,153.3254445
ns3_lena,scenario,saturation_load_tdma_seed_2,median,latency_ms,153.3254445
ns3_lena,scenario,saturation_load_tdma_seed_2,min,latency_ms,153.3254445
ns3_lena,scenario,saturation_load_tdma_seed_2,max,latency_ms,153.3254445
ns3_lena,scenario,saturation_load_tdma_seed_2,non_missing_count,jitter_ms,1.0
ns3_lena,scenario,saturation_load_tdma_seed_2,mean,jitter_ms,1.3797205
ns3_lena,scenario,saturation_load_tdma_seed_2,median,jitter_ms,1.3797205
ns3_lena,scenario,saturation_load_tdma_seed_2,min,jitter_ms,1.3797205
ns3_lena,scenario,saturation_load_tdma_seed_2,max,jitter_ms,1.3797205
ns3_lena,scenario,saturation_load_tdma_seed_2,non_missing_count,packet_loss_fraction,1.0
ns3_lena,scenario,saturation_load_tdma_seed_2,mean,packet_loss_fraction,0.4925
ns3_lena,scenario,saturation_load_tdma_seed_2,median,packet_loss_fraction,0.4925
ns3_lena,scenario,saturation_load_tdma_seed_2,min,packet_loss_fraction,0.4925
ns3_lena,scenario,saturation_load_tdma_seed_2,max,packet_loss_fraction,0.4925
ns3_lena,scenario,saturation_load_tdma_seed_2,non_missing_count,offered_downlink_mbps,1.0
ns3_lena,scenario,saturation_load_tdma_seed_2,mean,offered_downlink_mbps,48.448
ns3_lena,scenario,saturation_load_tdma_seed_2,median,offered_downlink_mbps,48.448
ns3_lena,scenario,saturation_load_tdma_seed_2,min,offered_downlink_mbps,48.448
ns3_lena,scenario,saturation_load_tdma_seed_2,max,offered_downlink_mbps,48.448
ns3_lena,scenario,saturation_load_tdma_seed_3,row_count,,1.0
ns3_lena,scenario,saturation_load_tdma_seed_3,non_missing_count,download_throughput_mbps,1.0
ns3_lena,scenario,saturation_load_tdma_seed_3,mean,download_throughput_mbps,12.3138665
ns3_lena,scenario,saturation_load_tdma_seed_3,median,download_throughput_mbps,12.3138665
ns3_lena,scenario,saturation_load_tdma_seed_3,min,download_throughput_mbps,12.3138665
ns3_lena,scenario,saturation_load_tdma_seed_3,max,download_throughput_mbps,12.3138665
ns3_lena,scenario,saturation_load_tdma_seed_3,non_missing_count,latency_ms,1.0
ns3_lena,scenario,saturation_load_tdma_seed_3,mean,latency_ms,153.41507
ns3_lena,scenario,saturation_load_tdma_seed_3,median,latency_ms,153.41507
ns3_lena,scenario,saturation_load_tdma_seed_3,min,latency_ms,153.41507
ns3_lena,scenario,saturation_load_tdma_seed_3,max,latency_ms,153.41507
ns3_lena,scenario,saturation_load_tdma_seed_3,non_missing_count,jitter_ms,1.0
ns3_lena,scenario,saturation_load_tdma_seed_3,mean,jitter_ms,1.3794355
ns3_lena,scenario,saturation_load_tdma_seed_3,median,jitter_ms,1.3794355
ns3_lena,scenario,saturation_load_tdma_seed_3,min,jitter_ms,1.3794355
ns3_lena,scenario,saturation_load_tdma_seed_3,max,jitter_ms,1.3794355
ns3_lena,scenario,saturation_load_tdma_seed_3,non_missing_count,packet_loss_fraction,1.0
ns3_lena,scenario,saturation_load_tdma_seed_3,mean,packet_loss_fraction,0.4916666666666667
ns3_lena,scenario,saturation_load_tdma_seed_3,median,packet_loss_fraction,0.4916666666666667
ns3_lena,scenario,saturation_load_tdma_seed_3,min,packet_loss_fraction,0.4916666666666667
ns3_lena,scenario,saturation_load_tdma_seed_3,max,packet_loss_fraction,0.4916666666666667
ns3_lena,scenario,saturation_load_tdma_seed_3,non_missing_count,offered_downlink_mbps,1.0
ns3_lena,scenario,saturation_load_tdma_seed_3,mean,offered_downlink_mbps,48.448
ns3_lena,scenario,saturation_load_tdma_seed_3,median,offered_downlink_mbps,48.448
ns3_lena,scenario,saturation_load_tdma_seed_3,min,offered_downlink_mbps,48.448
ns3_lena,scenario,saturation_load_tdma_seed_3,max,offered_downlink_mbps,48.448
