algorithm,antecedents,consequents,antecedent support,consequent support,support,confidence,lift,representativity,leverage,conviction,zhangs_metric,jaccard,certainty,kulczynski,antecedent_text,consequent_text,antecedent_count,consequent_count
apriori,congestion_level=High;signal_strength_dbm=signal_very_weak,service_degraded=1,0.06514,0.50716,0.06514,1.0,1.9717643347267133,1.0,0.0321035976,inf,0.5271805404017713,0.1284407287640981,1.0,0.564220364382049,congestion_level=High;signal_strength_dbm=signal_very_weak,service_degraded=1,2,1
fp_growth,congestion_level=High;signal_strength_dbm=signal_very_weak,service_degraded=1,0.06514,0.50716,0.06514,1.0,1.9717643347267133,1.0,0.0321035976,inf,0.5271805404017713,0.1284407287640981,1.0,0.564220364382049,congestion_level=High;signal_strength_dbm=signal_very_weak,service_degraded=1,2,1
apriori,offered_downlink_mbps=offered_high;signal_strength_dbm=signal_very_weak,service_degraded=1,0.05454,0.50716,0.05444,0.9981664833149982,1.9681490719201005,1.0,0.0267794936,268.7949360000112,0.5202847350328192,0.10732168907463628,0.9962796918168133,0.5527546668487603,offered_downlink_mbps=offered_high;signal_strength_dbm=signal_very_weak,service_degraded=1,2,1
fp_growth,offered_downlink_mbps=offered_high;signal_strength_dbm=signal_very_weak,service_degraded=1,0.05454,0.50716,0.05444,0.9981664833149982,1.9681490719201005,1.0,0.0267794936,268.7949360000112,0.5202847350328192,0.10732168907463628,0.9962796918168133,0.5527546668487603,offered_downlink_mbps=offered_high;signal_strength_dbm=signal_very_weak,service_degraded=1,2,1
apriori,network_type=5G_NSA;signal_strength_dbm=signal_very_weak,service_degraded=1,0.07076,0.50716,0.06944,0.9813453928773318,1.9349818457238972,1.0,0.0335533584,26.41921090909087,0.5199940658110775,0.13656387665198236,0.9621487559397204,0.5591323541403774,network_type=5G_NSA;signal_strength_dbm=signal_very_weak,service_degraded=1,2,1
fp_growth,network_type=5G_NSA;signal_strength_dbm=signal_very_weak,service_degraded=1,0.07076,0.50716,0.06944,0.9813453928773318,1.9349818457238972,1.0,0.0335533584,26.41921090909087,0.5199940658110775,0.13656387665198236,0.9621487559397204,0.5591323541403774,network_type=5G_NSA;signal_strength_dbm=signal_very_weak,service_degraded=1,2,1
apriori,signal_strength_dbm=signal_very_weak;tower_load=Moderate,service_degraded=1,0.05218,0.50716,0.05056,0.9689536220774244,1.9105481940165319,1.0,0.0240963912,15.874315555555611,0.5028275577881717,0.09937497543142419,0.9370051580176617,0.5343230134206035,signal_strength_dbm=signal_very_weak;tower_load=Moderate,service_degraded=1,2,1
fp_growth,signal_strength_dbm=signal_very_weak;tower_load=Moderate,service_degraded=1,0.05218,0.50716,0.05056,0.9689536220774244,1.9105481940165319,1.0,0.0240963912,15.874315555555611,0.5028275577881717,0.09937497543142419,0.9370051580176617,0.5343230134206035,signal_strength_dbm=signal_very_weak;tower_load=Moderate,service_degraded=1,2,1
apriori,obstruction_level=High;signal_strength_dbm=signal_very_weak,service_degraded=1,0.08558,0.50716,0.0827,0.9663472774012619,1.9054090965400698,1.0,0.03929724719999999,14.644877499999973,0.5196499657099561,0.16214414555721118,0.9317167384978124,0.5647060939415806,obstruction_level=High;signal_strength_dbm=signal_very_weak,service_degraded=1,2,1
fp_growth,obstruction_level=High;signal_strength_dbm=signal_very_weak,service_degraded=1,0.08558,0.50716,0.0827,0.9663472774012619,1.9054090965400698,1.0,0.03929724719999999,14.644877499999973,0.5196499657099561,0.16214414555721118,0.9317167384978124,0.5647060939415806,obstruction_level=High;signal_strength_dbm=signal_very_weak,service_degraded=1,2,1
apriori,movement_speed=Walking;signal_strength_dbm=signal_very_weak,service_degraded=1,0.08838,0.50716,0.08536,0.9658293731613488,1.9043879114310054,1.0,0.0405371992,14.42291364238412,0.5209373399491275,0.16731349719706767,0.9306658817493482,0.5670695883868105,movement_speed=Walking;signal_strength_dbm=signal_very_weak,service_degraded=1,2,1
fp_growth,movement_speed=Walking;signal_strength_dbm=signal_very_weak,service_degraded=1,0.08838,0.50716,0.08536,0.9658293731613488,1.9043879114310054,1.0,0.0405371992,14.42291364238412,0.5209373399491275,0.16731349719706767,0.9306658817493482,0.5670695883868105,movement_speed=Walking;signal_strength_dbm=signal_very_weak,service_degraded=1,2,1
apriori,infrastructure_profile=Nominal;signal_strength_dbm=signal_very_weak,service_degraded=1,0.13092,0.50716,0.1261,0.9631836235869232,1.8991711167815346,1.0,0.059702612799999985,13.386434190871334,0.5447766635701833,0.2462986835423258,0.925297507480974,0.6059115530979808,infrastructure_profile=Nominal;signal_strength_dbm=signal_very_weak,service_degraded=1,2,1
fp_growth,infrastructure_profile=Nominal;signal_strength_dbm=signal_very_weak,service_degraded=1,0.13092,0.50716,0.1261,0.9631836235869232,1.8991711167815346,1.0,0.059702612799999985,13.386434190871334,0.5447766635701833,0.2462986835423258,0.925297507480974,0.6059115530979808,infrastructure_profile=Nominal;signal_strength_dbm=signal_very_weak,service_degraded=1,2,1
apriori,signal_strength_dbm=signal_very_weak;weather=Clear,service_degraded=1,0.09988,0.50716,0.0962,0.9631557869443331,1.899116229482477,1.0,0.04554485919999999,13.37632043478258,0.525973520000983,0.18831728134053713,0.9252410253719932,0.5764197579725214,signal_strength_dbm=signal_very_weak;weather=Clear,service_degraded=1,2,1
fp_growth,signal_strength_dbm=signal_very_weak;weather=Clear,service_degraded=1,0.09988,0.50716,0.0962,0.9631557869443331,1.899116229482477,1.0,0.04554485919999999,13.37632043478258,0.525973520000983,0.18831728134053713,0.9252410253719932,0.5764197579725214,signal_strength_dbm=signal_very_weak;weather=Clear,service_degraded=1,2,1
apriori,signal_strength_dbm=signal_very_weak,service_degraded=1,0.17222,0.50716,0.16584,0.9629543607014283,1.898719064400639,1.0,0.07849690479999998,13.303590094043832,0.5718054813368909,0.3229349223040074,0.924832320228529,0.6449758789862532,signal_strength_dbm=signal_very_weak,service_degraded=1,1,1
fp_growth,signal_strength_dbm=signal_very_weak,service_degraded=1,0.17222,0.50716,0.16584,0.9629543607014283,1.898719064400639,1.0,0.07849690479999998,13.303590094043832,0.5718054813368909,0.3229349223040074,0.924832320228529,0.6449758789862532,signal_strength_dbm=signal_very_weak,service_degraded=1,1,1
apriori,band=n78;signal_strength_dbm=signal_very_weak,service_degraded=1,0.05642,0.50716,0.05428,0.9620701878766396,1.8969756839589862,1.0,0.0256660328,12.99347327102806,0.5011182032499096,0.10657765560573335,0.9230382839798709,0.5345487779828028,band=n78;signal_strength_dbm=signal_very_weak,service_degraded=1,2,1
fp_growth,band=n78;signal_strength_dbm=signal_very_weak,service_degraded=1,0.05642,0.50716,0.05428,0.9620701878766396,1.8969756839589862,1.0,0.0256660328,12.99347327102806,0.5011182032499096,0.10657765560573335,0.9230382839798709,0.5345487779828028,band=n78;signal_strength_dbm=signal_very_weak,service_degraded=1,2,1
apriori,movement_speed=Static;signal_strength_dbm=signal_very_weak,service_degraded=1,0.07728,0.50716,0.07398,0.9572981366459627,1.887566323538849,1.0,0.0347866752,11.54141672727273,0.5095991104124468,0.144928104063002,0.9133555244013528,0.5515846310645225,movement_speed=Static;signal_strength_dbm=signal_very_weak,service_degraded=1,2,1
fp_growth,movement_speed=Static;signal_strength_dbm=signal_very_weak,service_degraded=1,0.07728,0.50716,0.07398,0.9572981366459627,1.887566323538849,1.0,0.0347866752,11.54141672727273,0.5095991104124468,0.144928104063002,0.9133555244013528,0.5515846310645225,movement_speed=Static;signal_strength_dbm=signal_very_weak,service_degraded=1,2,1
apriori,obstruction_level=Medium;signal_strength_dbm=signal_very_weak,service_degraded=1,0.05758,0.50716,0.05512,0.9572768322334144,1.887524316258014,1.0,0.0259177272,11.535661463414645,0.49893412780468305,0.10815902044660729,0.9133122965534746,0.5329802411817754,obstruction_level=Medium;signal_strength_dbm=signal_very_weak,service_degraded=1,2,1
fp_growth,obstruction_level=Medium;signal_strength_dbm=signal_very_weak,service_degraded=1,0.05758,0.50716,0.05512,0.9572768322334144,1.887524316258014,1.0,0.0259177272,11.535661463414645,0.49893412780468305,0.10815902044660729,0.9133122965534746,0.5329802411817754,obstruction_level=Medium;signal_strength_dbm=signal_very_weak,service_degraded=1,2,1
apriori,congestion_level=Medium;signal_strength_dbm=signal_very_weak,service_degraded=1,0.07536,0.50716,0.07212,0.9570063694267517,1.886991027341966,1.0,0.0339004224,11.46309333333335,0.5083662546617954,0.14130094043887145,0.9127635123503605,0.5496050066236211,congestion_level=Medium;signal_strength_dbm=signal_very_weak,service_degraded=1,2,1
fp_growth,congestion_level=Medium;signal_strength_dbm=signal_very_weak,service_degraded=1,0.07536,0.50716,0.07212,0.9570063694267517,1.886991027341966,1.0,0.0339004224,11.46309333333335,0.5083662546617954,0.14130094043887145,0.9127635123503605,0.5496050066236211,congestion_level=Medium;signal_strength_dbm=signal_very_weak,service_degraded=1,2,1
apriori,offered_downlink_mbps=offered_very_high;signal_strength_dbm=signal_weak,service_degraded=1,0.07666,0.50716,0.07308,0.9533002869814766,1.879683506154816,1.0,0.034201114399999996,10.553383910614517,0.5068507208705871,0.14308650193836397,0.9052436632202675,0.5486984122816524,offered_downlink_mbps=offered_very_high;signal_strength_dbm=signal_weak,service_degraded=1,2,1
fp_growth,offered_downlink_mbps=offered_very_high;signal_strength_dbm=signal_weak,service_degraded=1,0.07666,0.50716,0.07308,0.9533002869814766,1.879683506154816,1.0,0.034201114399999996,10.553383910614517,0.5068507208705871,0.14308650193836397,0.9052436632202675,0.5486984122816524,offered_downlink_mbps=offered_very_high;signal_strength_dbm=signal_weak,service_degraded=1,2,1
apriori,band=LTE_Anchor;signal_strength_dbm=signal_weak,service_degraded=1,0.07144,0.50716,0.06804,0.9524076147816349,1.8779233669485662,1.0,0.031808489599999996,10.355438117647058,0.5034644047787455,0.13326543403321842,0.9034323812629553,0.5432832300582202,band=LTE_Anchor;signal_strength_dbm=signal_weak,service_degraded=1,2,1
apriori,network_type=4G;signal_strength_dbm=signal_weak,service_degraded=1,0.07144,0.50716,0.06804,0.9524076147816349,1.8779233669485662,1.0,0.031808489599999996,10.355438117647058,0.5034644047787455,0.13326543403321842,0.9034323812629553,0.5432832300582202,network_type=4G;signal_strength_dbm=signal_weak,service_degraded=1,2,1
fp_growth,network_type=4G;signal_strength_dbm=signal_weak,service_degraded=1,0.07144,0.50716,0.06804,0.9524076147816349,1.8779233669485662,1.0,0.031808489599999996,10.355438117647058,0.5034644047787455,0.13326543403321842,0.9034323812629553,0.5432832300582202,network_type=4G;signal_strength_dbm=signal_weak,service_degraded=1,2,1
fp_growth,band=LTE_Anchor;signal_strength_dbm=signal_weak,service_degraded=1,0.07144,0.50716,0.06804,0.9524076147816349,1.8779233669485662,1.0,0.031808489599999996,10.355438117647058,0.5034644047787455,0.13326543403321842,0.9034323812629553,0.5432832300582202,band=LTE_Anchor;signal_strength_dbm=signal_weak,service_degraded=1,2,1
apriori,signal_strength_dbm=signal_very_weak;tower_load=Light,service_degraded=1,0.08614,0.50716,0.08138,0.9447411191084282,1.8628068442078005,1.0,0.03769323759999999,8.918747394957988,0.5068344050057609,0.15897015158618533,0.8878766315810976,0.552601650334244,signal_strength_dbm=signal_very_weak;tower_load=Light,service_degraded=1,2,1
fp_growth,signal_strength_dbm=signal_very_weak;tower_load=Light,service_degraded=1,0.08614,0.50716,0.08138,0.9447411191084282,1.8628068442078005,1.0,0.03769323759999999,8.918747394957988,0.5068344050057609,0.15897015158618533,0.8878766315810976,0.552601650334244,signal_strength_dbm=signal_very_weak;tower_load=Light,service_degraded=1,2,1
apriori,congestion_level=High;signal_strength_dbm=signal_weak,service_degraded=1,0.11282,0.50716,0.10568,0.9367133486970395,1.8469779728232498,1.0,0.04846220879999999,7.787424201680666,0.5168906270374438,0.20548318102274932,0.8715878351940579,0.5725447017954792,congestion_level=High;signal_strength_dbm=signal_weak,service_degraded=1,2,1
fp_growth,congestion_level=High;signal_strength_dbm=signal_weak,service_degraded=1,0.11282,0.50716,0.10568,0.9367133486970395,1.8469779728232498,1.0,0.04846220879999999,7.787424201680666,0.5168906270374438,0.20548318102274932,0.8715878351940579,0.5725447017954792,congestion_level=High;signal_strength_dbm=signal_weak,service_degraded=1,2,1
apriori,signal_strength_dbm=signal_weak;tower_load=Heavy,service_degraded=1,0.05832,0.50716,0.0546,0.9362139917695474,1.8459933586433224,1.0,0.0250224288,7.726459354838724,0.4866687640793494,0.10687441277795175,0.8705746119826869,0.521936162222813,signal_strength_dbm=signal_weak;tower_load=Heavy,service_degraded=1,2,1
fp_growth,signal_strength_dbm=signal_weak;tower_load=Heavy,service_degraded=1,0.05832,0.50716,0.0546,0.9362139917695474,1.8459933586433224,1.0,0.0250224288,7.726459354838724,0.4866687640793494,0.10687441277795175,0.8705746119826869,0.521936162222813,signal_strength_dbm=signal_weak;tower_load=Heavy,service_degraded=1,2,1
apriori,app_type=Streaming;signal_strength_dbm=signal_weak,service_degraded=1,0.07312,0.50716,0.06738,0.9214989059080961,1.8169786771592713,1.0,0.030296460799999987,6.278129059233437,0.48510681948618434,0.13137063755117956,0.8407168775020212,0.527178193390991,app_type=Streaming;signal_strength_dbm=signal_weak,service_degraded=1,2,1
fp_growth,app_type=Streaming;signal_strength_dbm=signal_weak,service_degraded=1,0.07312,0.50716,0.06738,0.9214989059080961,1.8169786771592713,1.0,0.030296460799999987,6.278129059233437,0.48510681948618434,0.13137063755117956,0.8407168775020212,0.527178193390991,app_type=Streaming;signal_strength_dbm=signal_weak,service_degraded=1,2,1
apriori,network_type=5G_SA;signal_strength_dbm=signal_very_weak,service_degraded=1,0.06242,0.50716,0.05736,0.9189362383851329,1.8119257007357301,1.0,0.025703072799999997,6.07965865612648,0.47793360591853384,0.11198313224786223,0.8355170813755639,0.5160183203125286,network_type=5G_SA;signal_strength_dbm=signal_very_weak,service_degraded=1,2,1
fp_growth,network_type=5G_SA;signal_strength_dbm=signal_very_weak,service_degraded=1,0.06242,0.50716,0.05736,0.9189362383851329,1.8119257007357301,1.0,0.025703072799999997,6.07965865612648,0.47793360591853384,0.11198313224786223,0.8355170813755639,0.5160183203125286,network_type=5G_SA;signal_strength_dbm=signal_very_weak,service_degraded=1,2,1
apriori,congestion_level=High;obstruction_level=High,service_degraded=1,0.06102,0.50716,0.05432,0.890199934447722,1.7552644815200764,1.0,0.023373096799999996,4.48852191044776,0.458247552862723,0.10570972638461838,0.7772095090652585,0.49865308655503854,congestion_level=High;obstruction_level=High,service_degraded=1,2,1
fp_growth,congestion_level=High;obstruction_level=High,service_degraded=1,0.06102,0.50716,0.05432,0.890199934447722,1.7552644815200764,1.0,0.023373096799999996,4.48852191044776,0.458247552862723,0.10570972638461838,0.7772095090652585,0.49865308655503854,congestion_level=High;obstruction_level=High,service_degraded=1,2,1
apriori,band=LTE_Anchor;congestion_level=High,service_degraded=1,0.09422,0.50716,0.08166,0.8666949692209722,1.7089182293969796,1.0,0.03387538479999999,3.697084777070064,0.45798592842017705,0.15712306626645114,0.7295166163886296,0.5138546223973778,band=LTE_Anchor;congestion_level=High,service_degraded=1,2,1
apriori,congestion_level=High;network_type=4G,service_degraded=1,0.09422,0.50716,0.08166,0.8666949692209722,1.7089182293969796,1.0,0.03387538479999999,3.697084777070064,0.45798592842017705,0.15712306626645114,0.7295166163886296,0.5138546223973778,congestion_level=High;network_type=4G,service_degraded=1,2,1
fp_growth,congestion_level=High;network_type=4G,service_degraded=1,0.09422,0.50716,0.08166,0.8666949692209722,1.7089182293969796,1.0,0.03387538479999999,3.697084777070064,0.45798592842017705,0.15712306626645114,0.7295166163886296,0.5138546223973778,congestion_level=High;network_type=4G,service_degraded=1,2,1
fp_growth,band=LTE_Anchor;congestion_level=High,service_degraded=1,0.09422,0.50716,0.08166,0.8666949692209722,1.7089182293969796,1.0,0.03387538479999999,3.697084777070064,0.45798592842017705,0.15712306626645114,0.7295166163886296,0.5138546223973778,band=LTE_Anchor;congestion_level=High,service_degraded=1,2,1
apriori,app_type=Streaming;congestion_level=High,service_degraded=1,0.09568,0.50716,0.07822,0.8175167224080268,1.611950316286826,1.0,0.02969493119999999,2.7007406185567007,0.4197999436506862,0.14909839502878272,0.6297311955361309,0.4858740643351751,app_type=Streaming;congestion_level=High,service_degraded=1,2,1
fp_growth,app_type=Streaming;congestion_level=High,service_degraded=1,0.09568,0.50716,0.07822,0.8175167224080268,1.611950316286826,1.0,0.02969493119999999,2.7007406185567007,0.4197999436506862,0.14909839502878272,0.6297311955361309,0.4858740643351751,app_type=Streaming;congestion_level=High,service_degraded=1,2,1
apriori,congestion_level=High;offered_downlink_mbps=offered_very_high,service_degraded=1,0.09984,0.50716,0.08134,0.8147035256410257,1.6064033552350847,1.0,0.03070514559999999,2.6597376,0.419360269345554,0.15473880455046984,0.6240230615230615,0.4875434183138483,congestion_level=High;offered_downlink_mbps=offered_very_high,service_degraded=1,2,1
fp_growth,congestion_level=High;offered_downlink_mbps=offered_very_high,service_degraded=1,0.09984,0.50716,0.08134,0.8147035256410257,1.6064033552350847,1.0,0.03070514559999999,2.6597376,0.419360269345554,0.15473880455046984,0.6240230615230615,0.4875434183138483,congestion_level=High;offered_downlink_mbps=offered_very_high,service_degraded=1,2,1
apriori,movement_speed=Walking;obstruction_level=High,service_degraded=1,0.08192,0.50716,0.06624,0.8085937499999999,1.594356317532928,1.0,0.024693452799999988,2.5748375510204062,0.40605136028476974,0.12669267844847368,0.6116259840922,0.4696017097661487,movement_speed=Walking;obstruction_level=High,service_degraded=1,2,1
fp_growth,movement_speed=Walking;obstruction_level=High,service_degraded=1,0.08192,0.50716,0.06624,0.8085937499999999,1.594356317532928,1.0,0.024693452799999988,2.5748375510204062,0.40605136028476974,0.12669267844847368,0.6116259840922,0.4696017097661487,movement_speed=Walking;obstruction_level=High,service_degraded=1,2,1
apriori,app_type=Gaming;signal_strength_dbm=signal_weak,service_degraded=1,0.07534,0.50716,0.06022,0.7993097955933103,1.5760505473485886,1.0,0.022010565599999997,2.4557252380952375,0.3952832217887471,0.11530213678486637,0.5927883199279893,0.4590247219152765,app_type=Gaming;signal_strength_dbm=signal_weak,service_degraded=1,2,1
fp_growth,app_type=Gaming;signal_strength_dbm=signal_weak,service_degraded=1,0.07534,0.50716,0.06022,0.7993097955933103,1.5760505473485886,1.0,0.022010565599999997,2.4557252380952375,0.3952832217887471,0.11530213678486637,0.5927883199279893,0.4590247219152765,app_type=Gaming;signal_strength_dbm=signal_weak,service_degraded=1,2,1
apriori,infrastructure_profile=Nominal;obstruction_level=High,service_degraded=1,0.1244,0.50716,0.0979,0.7869774919614149,1.5517341508821965,1.0,0.03480929599999999,2.313558339622642,0.40607550707385925,0.18345013679121538,0.5677653842249307,0.49000661016558006,infrastructure_profile=Nominal;obstruction_level=High,service_degraded=1,2,1
fp_growth,infrastructure_profile=Nominal;obstruction_level=High,service_degraded=1,0.1244,0.50716,0.0979,0.7869774919614149,1.5517341508821965,1.0,0.03480929599999999,2.313558339622642,0.40607550707385925,0.18345013679121538,0.5677653842249307,0.49000661016558006,infrastructure_profile=Nominal;obstruction_level=High,service_degraded=1,2,1
apriori,obstruction_level=High,service_degraded=1,0.1606,0.50716,0.12558,0.7819427148194271,1.5418067568803278,1.0,0.04413010399999999,2.2601400342661333,0.4186446131313582,0.2316204950385481,0.5575495390378766,0.5147784399872039,obstruction_level=High,service_degraded=1,1,1
fp_growth,obstruction_level=High,service_degraded=1,0.1606,0.50716,0.12558,0.7819427148194271,1.5418067568803278,1.0,0.04413010399999999,2.2601400342661333,0.4186446131313582,0.2316204950385481,0.5575495390378766,0.5147784399872039,obstruction_level=High,service_degraded=1,1,1
apriori,signal_strength_dbm=signal_weak;time_of_day=evening,service_degraded=1,0.071,0.50716,0.05508,0.775774647887324,1.5296447824893995,1.0,0.019071639999999994,2.1979673366834174,0.37271630734979466,0.10529938059187886,0.5450341853082622,0.44218971372203564,signal_strength_dbm=signal_weak;time_of_day=evening,service_degraded=1,2,1
fp_growth,signal_strength_dbm=signal_weak;time_of_day=evening,service_degraded=1,0.071,0.50716,0.05508,0.775774647887324,1.5296447824893995,1.0,0.019071639999999994,2.1979673366834174,0.37271630734979466,0.10529938059187886,0.5450341853082622,0.44218971372203564,signal_strength_dbm=signal_weak;time_of_day=evening,service_degraded=1,2,1
apriori,signal_strength_dbm=signal_weak;time_of_day=morning,service_degraded=1,0.075,0.50716,0.05816,0.7754666666666667,1.529037516102742,1.0,0.020123000000000002,2.1949524940617584,0.3740473623554779,0.11099236641221374,0.544409274139004,0.4450722401871862,signal_strength_dbm=signal_weak;time_of_day=morning,service_degraded=1,2,1
fp_growth,signal_strength_dbm=signal_weak;time_of_day=morning,service_degraded=1,0.075,0.50716,0.05816,0.7754666666666667,1.529037516102742,1.0,0.020123000000000002,2.1949524940617584,0.3740473623554779,0.11099236641221374,0.544409274139004,0.4450722401871862,signal_strength_dbm=signal_weak;time_of_day=morning,service_degraded=1,2,1
apriori,movement_speed=Walking;signal_strength_dbm=signal_weak,service_degraded=1,0.13606,0.50716,0.10426,0.7662795825371161,1.5109227512759604,1.0,0.035255810400000004,2.1086732830188692,0.39140773078655644,0.1934466379694226,0.5257681651998948,0.48592786603786164,movement_speed=Walking;signal_strength_dbm=signal_weak,service_degraded=1,2,1
fp_growth,movement_speed=Walking;signal_strength_dbm=signal_weak,service_degraded=1,0.13606,0.50716,0.10426,0.7662795825371161,1.5109227512759604,1.0,0.035255810400000004,2.1086732830188692,0.39140773078655644,0.1934466379694226,0.5257681651998948,0.48592786603786164,movement_speed=Walking;signal_strength_dbm=signal_weak,service_degraded=1,2,1
apriori,obstruction_level=High;weather=Clear,service_degraded=1,0.1138,0.50716,0.0872,0.7662565905096661,1.5108774164162513,1.0,0.029485191999999993,2.108465864661654,0.3815537528546789,0.1633693045563549,0.5257215130867342,0.46909722024891776,obstruction_level=High;weather=Clear,service_degraded=1,2,1
fp_growth,obstruction_level=High;weather=Clear,service_degraded=1,0.1138,0.50716,0.0872,0.7662565905096661,1.5108774164162513,1.0,0.029485191999999993,2.108465864661654,0.3815537528546789,0.1633693045563549,0.5257215130867342,0.46909722024891776,obstruction_level=High;weather=Clear,service_degraded=1,2,1
apriori,movement_speed=Static;obstruction_level=High,service_degraded=1,0.07868,0.50716,0.05934,0.7541942043721402,1.4870932336385758,1.0,0.019436651199999995,2.0049974767321603,0.3555194785003231,0.11270655270655268,0.5012462551175639,0.4355993499974117,movement_speed=Static;obstruction_level=High,service_degraded=1,2,1
fp_growth,movement_speed=Static;obstruction_level=High,service_degraded=1,0.07868,0.50716,0.05934,0.7541942043721402,1.4870932336385758,1.0,0.019436651199999995,2.0049974767321603,0.3555194785003231,0.11270655270655268,0.5012462551175639,0.4355993499974117,movement_speed=Static;obstruction_level=High,service_degraded=1,2,1
apriori,congestion_level=Medium;obstruction_level=High,service_degraded=1,0.06778,0.50716,0.0509,0.750958984951313,1.4807141433695734,1.0,0.016524695199999995,1.9789511374407573,0.3482549187884053,0.09712999007709334,0.49468181347153833,0.42566089479445135,congestion_level=Medium;obstruction_level=High,service_degraded=1,2,1
fp_growth,congestion_level=Medium;obstruction_level=High,service_degraded=1,0.06778,0.50716,0.0509,0.750958984951313,1.4807141433695734,1.0,0.016524695199999995,1.9789511374407573,0.3482549187884053,0.09712999007709334,0.49468181347153833,0.42566089479445135,congestion_level=Medium;obstruction_level=High,service_degraded=1,2,1
apriori,obstruction_level=Medium;signal_strength_dbm=signal_weak,service_degraded=1,0.1314,0.50716,0.09846,0.7493150684931508,1.477472727528099,1.0,0.031819176000000005,1.9659737704918037,0.37205682219512287,0.18229957415293466,0.49134621478197943,0.4717274924451715,obstruction_level=Medium;signal_strength_dbm=signal_weak,service_degraded=1,2,1
fp_growth,obstruction_level=Medium;signal_strength_dbm=signal_weak,service_degraded=1,0.1314,0.50716,0.09846,0.7493150684931508,1.477472727528099,1.0,0.031819176000000005,1.9659737704918037,0.37205682219512287,0.18229957415293466,0.49134621478197943,0.4717274924451715,obstruction_level=Medium;signal_strength_dbm=signal_weak,service_degraded=1,2,1
apriori,network_type=5G_NSA;signal_strength_dbm=signal_weak,service_degraded=1,0.115,0.50716,0.08598,0.7476521739130435,1.4741938913026331,1.0,0.02765659999999999,1.9530186078566505,0.3634612174950683,0.16035659666529894,0.4879721084186419,0.45859223570642316,network_type=5G_NSA;signal_strength_dbm=signal_weak,service_degraded=1,2,1
fp_growth,network_type=5G_NSA;signal_strength_dbm=signal_weak,service_degraded=1,0.115,0.50716,0.08598,0.7476521739130435,1.4741938913026331,1.0,0.02765659999999999,1.9530186078566505,0.3634612174950683,0.16035659666529894,0.4879721084186419,0.45859223570642316,network_type=5G_NSA;signal_strength_dbm=signal_weak,service_degraded=1,2,1
apriori,band=LTE_Anchor;offered_downlink_mbps=offered_high,service_degraded=1,0.0782,0.50716,0.05786,0.7398976982097186,1.4589038926763123,1.0,0.018200087999999996,1.8947929203539817,0.34123875970585205,0.10968720379146918,0.4722378423214808,0.4269919913085031,band=LTE_Anchor;offered_downlink_mbps=offered_high,service_degraded=1,2,1
apriori,network_type=4G;offered_downlink_mbps=offered_high,service_degraded=1,0.0782,0.50716,0.05786,0.7398976982097186,1.4589038926763123,1.0,0.018200087999999996,1.8947929203539817,0.34123875970585205,0.10968720379146918,0.4722378423214808,0.4269919913085031,network_type=4G;offered_downlink_mbps=offered_high,service_degraded=1,2,1
fp_growth,network_type=4G;offered_downlink_mbps=offered_high,service_degraded=1,0.0782,0.50716,0.05786,0.7398976982097186,1.4589038926763123,1.0,0.018200087999999996,1.8947929203539817,0.34123875970585205,0.10968720379146918,0.4722378423214808,0.4269919913085031,network_type=4G;offered_downlink_mbps=offered_high,service_degraded=1,2,1
fp_growth,band=LTE_Anchor;offered_downlink_mbps=offered_high,service_degraded=1,0.0782,0.50716,0.05786,0.7398976982097186,1.4589038926763123,1.0,0.018200087999999996,1.8947929203539817,0.34123875970585205,0.10968720379146918,0.4722378423214808,0.4269919913085031,band=LTE_Anchor;offered_downlink_mbps=offered_high,service_degraded=1,2,1
apriori,infrastructure_profile=Nominal;signal_strength_dbm=signal_weak,service_degraded=1,0.22244,0.50716,0.1644,0.7390757058083078,1.457283117375794,1.0,0.05158732959999998,1.8888237353549273,0.40355926562461464,0.2908704883227176,0.47056997363912795,0.5316168812186898,infrastructure_profile=Nominal;signal_strength_dbm=signal_weak,service_degraded=1,2,1
fp_growth,infrastructure_profile=Nominal;signal_strength_dbm=signal_weak,service_degraded=1,0.22244,0.50716,0.1644,0.7390757058083078,1.457283117375794,1.0,0.05158732959999998,1.8888237353549273,0.40355926562461464,0.2908704883227176,0.47056997363912795,0.5316168812186898,infrastructure_profile=Nominal;signal_strength_dbm=signal_weak,service_degraded=1,2,1
apriori,signal_strength_dbm=signal_weak,service_degraded=1,0.29234,0.50716,0.21562,0.7375658479852227,1.4543060335697269,1.0,0.06735684559999999,1.8779567987486967,0.4414363077599305,0.3692882099061451,0.46750638743856565,0.5813588369194983,signal_strength_dbm=signal_weak,service_degraded=1,1,1
fp_growth,signal_strength_dbm=signal_weak,service_degraded=1,0.29234,0.50716,0.21562,0.7375658479852227,1.4543060335697269,1.0,0.06735684559999999,1.8779567987486967,0.4414363077599305,0.3692882099061451,0.46750638743856565,0.5813588369194983,signal_strength_dbm=signal_weak,service_degraded=1,1,1
apriori,signal_strength_dbm=signal_weak;tower_load=Moderate,service_degraded=1,0.08572,0.50716,0.06312,0.7363509099393373,1.4519104620619474,1.0,0.01964624479999999,1.8693028672566363,0.3404343243241593,0.11914829356689818,0.4650412100059598,0.4304043373736437,signal_strength_dbm=signal_weak;tower_load=Moderate,service_degraded=1,2,1
fp_growth,signal_strength_dbm=signal_weak;tower_load=Moderate,service_degraded=1,0.08572,0.50716,0.06312,0.7363509099393373,1.4519104620619474,1.0,0.01964624479999999,1.8693028672566363,0.3404343243241593,0.11914829356689818,0.4650412100059598,0.4304043373736437,signal_strength_dbm=signal_weak;tower_load=Moderate,service_degraded=1,2,1
apriori,obstruction_level=High;tower_load=Light,service_degraded=1,0.08128,0.50716,0.05978,0.7354822834645669,1.4501977353587956,1.0,0.018558035199999996,1.8631644279069763,0.3379036730405542,0.11307834903340519,0.4632787181733765,0.42667717769726493,obstruction_level=High;tower_load=Light,service_degraded=1,2,1
fp_growth,obstruction_level=High;tower_load=Light,service_degraded=1,0.08128,0.50716,0.05978,0.7354822834645669,1.4501977353587956,1.0,0.018558035199999996,1.8631644279069763,0.3379036730405542,0.11307834903340519,0.4632787181733765,0.42667717769726493,obstruction_level=High;tower_load=Light,service_degraded=1,2,1
apriori,offered_downlink_mbps=offered_high;signal_strength_dbm=signal_weak,service_degraded=1,0.0918,0.50716,0.06736,0.7337690631808279,1.4468196687057888,1.0,0.020802711999999994,1.8511747954173485,0.34004498993336496,0.12671181339352897,0.4598024981349482,0.4332935543840096,offered_downlink_mbps=offered_high;signal_strength_dbm=signal_weak,service_degraded=1,2,1
fp_growth,offered_downlink_mbps=offered_high;signal_strength_dbm=signal_weak,service_degraded=1,0.0918,0.50716,0.06736,0.7337690631808279,1.4468196687057888,1.0,0.020802711999999994,1.8511747954173485,0.34004498993336496,0.12671181339352897,0.4598024981349482,0.4332935543840096,offered_downlink_mbps=offered_high;signal_strength_dbm=signal_weak,service_degraded=1,2,1
apriori,signal_strength_dbm=signal_weak;weather=Clear,service_degraded=1,0.2002,0.50716,0.14672,0.7328671328671329,1.445041274680836,1.0,0.04518656799999998,1.8449246073298429,0.3850690726116642,0.2617009132420091,0.4579724309454039,0.5110821980291181,signal_strength_dbm=signal_weak;weather=Clear,service_degraded=1,2,1
fp_growth,signal_strength_dbm=signal_weak;weather=Clear,service_degraded=1,0.2002,0.50716,0.14672,0.7328671328671329,1.445041274680836,1.0,0.04518656799999998,1.8449246073298429,0.3850690726116642,0.2617009132420091,0.4579724309454039,0.5110821980291181,signal_strength_dbm=signal_weak;weather=Clear,service_degraded=1,2,1
apriori,band=LTE_Anchor;movement_speed=Walking,service_degraded=1,0.11454,0.50716,0.08388,0.7323205866946044,1.443963614430563,1.0,0.02578989359999999,1.8411576516634043,0.347233950672875,0.15596296158566061,0.4568634581093345,0.4488560895457406,band=LTE_Anchor;movement_speed=Walking,service_degraded=1,2,1
apriori,movement_speed=Walking;network_type=4G,service_degraded=1,0.11454,0.50716,0.08388,0.7323205866946044,1.443963614430563,1.0,0.02578989359999999,1.8411576516634043,0.347233950672875,0.15596296158566061,0.4568634581093345,0.4488560895457406,movement_speed=Walking;network_type=4G,service_degraded=1,2,1
fp_growth,movement_speed=Walking;network_type=4G,service_degraded=1,0.11454,0.50716,0.08388,0.7323205866946044,1.443963614430563,1.0,0.02578989359999999,1.8411576516634043,0.347233950672875,0.15596296158566061,0.4568634581093345,0.4488560895457406,movement_speed=Walking;network_type=4G,service_degraded=1,2,1
fp_growth,band=LTE_Anchor;movement_speed=Walking,service_degraded=1,0.11454,0.50716,0.08388,0.7323205866946044,1.443963614430563,1.0,0.02578989359999999,1.8411576516634043,0.347233950672875,0.15596296158566061,0.4568634581093345,0.4488560895457406,band=LTE_Anchor;movement_speed=Walking,service_degraded=1,2,1
apriori,signal_strength_dbm=signal_weak;time_of_day=afternoon,service_degraded=1,0.07392,0.50716,0.05408,0.7316017316017317,1.4425462015966,1.0,0.0165907328,1.8362264516129037,0.3312686828083405,0.10261859582542694,0.4554048608102664,0.41911737341187616,signal_strength_dbm=signal_weak;time_of_day=afternoon,service_degraded=1,2,1
fp_growth,signal_strength_dbm=signal_weak;time_of_day=afternoon,service_degraded=1,0.07392,0.50716,0.05408,0.7316017316017317,1.4425462015966,1.0,0.0165907328,1.8362264516129037,0.3312686828083405,0.10261859582542694,0.4554048608102664,0.41911737341187616,signal_strength_dbm=signal_weak;time_of_day=afternoon,service_degraded=1,2,1
apriori,congestion_level=High;movement_speed=Walking,service_degraded=1,0.17482,0.50716,0.12594,0.720398123784464,1.420455327282246,1.0,0.03727828879999999,1.7626491162029456,0.35871008444957997,0.2264944967987914,0.43267211221585905,0.48436106204997315,congestion_level=High;movement_speed=Walking,service_degraded=1,2,1
fp_growth,congestion_level=High;movement_speed=Walking,service_degraded=1,0.17482,0.50716,0.12594,0.720398123784464,1.420455327282246,1.0,0.03727828879999999,1.7626491162029456,0.35871008444957997,0.2264944967987914,0.43267211221585905,0.48436106204997315,congestion_level=High;movement_speed=Walking,service_degraded=1,2,1
apriori,movement_speed=Walking;tower_load=Heavy,service_degraded=1,0.09048,0.50716,0.06488,0.7170645446507514,1.4138822948394025,1.0,0.018992163199999988,1.741881374999999,0.32184838842379576,0.12178091448306926,0.42590809319607054,0.4224963073439103,movement_speed=Walking;tower_load=Heavy,service_degraded=1,2,1
fp_growth,movement_speed=Walking;tower_load=Heavy,service_degraded=1,0.09048,0.50716,0.06488,0.7170645446507514,1.4138822948394025,1.0,0.018992163199999988,1.741881374999999,0.32184838842379576,0.12178091448306926,0.42590809319607054,0.4224963073439103,movement_speed=Walking;tower_load=Heavy,service_degraded=1,2,1
apriori,congestion_level=High;weather=Rainy,service_degraded=1,0.07508,0.50716,0.05372,0.715503462972829,1.4108042096632796,1.0,0.015642427199999996,1.7323233707865164,0.3148211985184993,0.10164232195564972,0.42274057092125017,0.410713321517174,congestion_level=High;weather=Rainy,service_degraded=1,2,1
fp_growth,congestion_level=High;weather=Rainy,service_degraded=1,0.07508,0.50716,0.05372,0.715503462972829,1.4108042096632796,1.0,0.015642427199999996,1.7323233707865164,0.3148211985184993,0.10164232195564972,0.42274057092125017,0.410713321517174,congestion_level=High;weather=Rainy,service_degraded=1,2,1
apriori,obstruction_level=Low;signal_strength_dbm=signal_weak,service_degraded=1,0.11482,0.50716,0.08182,0.7125936248040411,1.4050666945422372,1.0,0.023587888799999998,1.7147845090909088,0.3256851851848784,0.15147363744075829,0.41683634608400505,0.4369616913356904,obstruction_level=Low;signal_strength_dbm=signal_weak,service_degraded=1,2,1
fp_growth,obstruction_level=Low;signal_strength_dbm=signal_weak,service_degraded=1,0.11482,0.50716,0.08182,0.7125936248040411,1.4050666945422372,1.0,0.023587888799999998,1.7147845090909088,0.3256851851848784,0.15147363744075829,0.41683634608400505,0.4369616913356904,obstruction_level=Low;signal_strength_dbm=signal_weak,service_degraded=1,2,1
apriori,app_type=Streaming;offered_downlink_mbps=offered_very_high,service_degraded=1,0.16298,0.50716,0.11494,0.7052399067370229,1.3905668955300552,1.0,0.03228306319999999,1.6720038134887587,0.3355580857736218,0.2070244956772334,0.40191523970664483,0.46593724968525563,app_type=Streaming;offered_downlink_mbps=offered_very_high,service_degraded=1,2,1
fp_growth,app_type=Streaming;offered_downlink_mbps=offered_very_high,service_degraded=1,0.16298,0.50716,0.11494,0.7052399067370229,1.3905668955300552,1.0,0.03228306319999999,1.6720038134887587,0.3355580857736218,0.2070244956772334,0.40191523970664483,0.46593724968525563,app_type=Streaming;offered_downlink_mbps=offered_very_high,service_degraded=1,2,1
apriori,congestion_level=High;network_type=5G_NSA,service_degraded=1,0.15294,0.50716,0.10772,0.7043284948345757,1.3887698060465645,1.0,0.030154949599999994,1.666849836355595,0.33048221160385155,0.19501068105289837,0.4000659338417654,0.4583634744856686,congestion_level=High;network_type=5G_NSA,service_degraded=1,2,1
fp_growth,congestion_level=High;network_type=5G_NSA,service_degraded=1,0.15294,0.50716,0.10772,0.7043284948345757,1.3887698060465645,1.0,0.030154949599999994,1.666849836355595,0.33048221160385155,0.19501068105289837,0.4000659338417654,0.4583634744856686,congestion_level=High;network_type=5G_NSA,service_degraded=1,2,1
apriori,band=LTE_Anchor;obstruction_level=Medium,service_degraded=1,0.1094,0.50716,0.07652,0.6994515539305303,1.3791536279093979,1.0,0.021036696,1.6398021897810222,0.3086880937676415,0.14169320791052517,0.3901703472334434,0.42516548041190916,band=LTE_Anchor;obstruction_level=Medium,service_degraded=1,2,1
apriori,network_type=4G;obstruction_level=Medium,service_degraded=1,0.1094,0.50716,0.07652,0.6994515539305303,1.3791536279093979,1.0,0.021036696,1.6398021897810222,0.3086880937676415,0.14169320791052517,0.3901703472334434,0.42516548041190916,network_type=4G;obstruction_level=Medium,service_degraded=1,2,1
fp_growth,network_type=4G;obstruction_level=Medium,service_degraded=1,0.1094,0.50716,0.07652,0.6994515539305303,1.3791536279093979,1.0,0.021036696,1.6398021897810222,0.3086880937676415,0.14169320791052517,0.3901703472334434,0.42516548041190916,network_type=4G;obstruction_level=Medium,service_degraded=1,2,1
fp_growth,band=LTE_Anchor;obstruction_level=Medium,service_degraded=1,0.1094,0.50716,0.07652,0.6994515539305303,1.3791536279093979,1.0,0.021036696,1.6398021897810222,0.3086880937676415,0.14169320791052517,0.3901703472334434,0.42516548041190916,band=LTE_Anchor;obstruction_level=Medium,service_degraded=1,2,1
apriori,movement_speed=Static;signal_strength_dbm=signal_weak,service_degraded=1,0.14372,0.50716,0.10028,0.697745616476482,1.375789921280231,1.0,0.027390964799999987,1.6305470718232042,0.3189900995482373,0.18212858699600434,0.38670890446490136,0.4477370719814384,movement_speed=Static;signal_strength_dbm=signal_weak,service_degraded=1,2,1
fp_growth,movement_speed=Static;signal_strength_dbm=signal_weak,service_degraded=1,0.14372,0.50716,0.10028,0.697745616476482,1.375789921280231,1.0,0.027390964799999987,1.6305470718232042,0.3189900995482373,0.18212858699600434,0.38670890446490136,0.4477370719814384,movement_speed=Static;signal_strength_dbm=signal_weak,service_degraded=1,2,1
apriori,band=LTE_Anchor;infrastructure_profile=Nominal,service_degraded=1,0.1906,0.50716,0.13228,0.6940188877229801,1.3684416904388754,1.0,0.035615304,1.6106876543209878,0.332643674502252,0.2339251609252317,0.37914716281750693,0.4774219369603149,band=LTE_Anchor;infrastructure_profile=Nominal,service_degraded=1,2,1
apriori,infrastructure_profile=Nominal;network_type=4G,service_degraded=1,0.1906,0.50716,0.13228,0.6940188877229801,1.3684416904388754,1.0,0.035615304,1.6106876543209878,0.332643674502252,0.2339251609252317,0.37914716281750693,0.4774219369603149,infrastructure_profile=Nominal;network_type=4G,service_degraded=1,2,1
fp_growth,infrastructure_profile=Nominal;network_type=4G,service_degraded=1,0.1906,0.50716,0.13228,0.6940188877229801,1.3684416904388754,1.0,0.035615304,1.6106876543209878,0.332643674502252,0.2339251609252317,0.37914716281750693,0.4774219369603149,infrastructure_profile=Nominal;network_type=4G,service_degraded=1,2,1
fp_growth,band=LTE_Anchor;infrastructure_profile=Nominal,service_degraded=1,0.1906,0.50716,0.13228,0.6940188877229801,1.3684416904388754,1.0,0.035615304,1.6106876543209878,0.332643674502252,0.2339251609252317,0.37914716281750693,0.4774219369603149,band=LTE_Anchor;infrastructure_profile=Nominal,service_degraded=1,2,1
apriori,network_type=5G_NSA;tower_load=Heavy,service_degraded=1,0.07806,0.50716,0.05414,0.6935690494491417,1.3675547153741257,1.0,0.014551090399999994,1.6083231772575248,0.2915242114973196,0.1019432100625141,0.3782344157315592,0.40016018526562297,network_type=5G_NSA;tower_load=Heavy,service_degraded=1,2,1
fp_growth,network_type=5G_NSA;tower_load=Heavy,service_degraded=1,0.07806,0.50716,0.05414,0.6935690494491417,1.3675547153741257,1.0,0.014551090399999994,1.6083231772575248,0.2915242114973196,0.1019432100625141,0.3782344157315592,0.40016018526562297,network_type=5G_NSA;tower_load=Heavy,service_degraded=1,2,1
apriori,congestion_level=High;time_of_day=morning,service_degraded=1,0.11246,0.50716,0.07798,0.6934020985239195,1.3672255274941232,1.0,0.020944786399999984,1.6074474013921107,0.30262497718333203,0.1439701646850306,0.3778956629411564,0.4235801406729543,congestion_level=High;time_of_day=morning,service_degraded=1,2,1
fp_growth,congestion_level=High;time_of_day=morning,service_degraded=1,0.11246,0.50716,0.07798,0.6934020985239195,1.3672255274941232,1.0,0.020944786399999984,1.6074474013921107,0.30262497718333203,0.1439701646850306,0.3778956629411564,0.4235801406729543,congestion_level=High;time_of_day=morning,service_degraded=1,2,1
apriori,app_type=Streaming;movement_speed=Walking,service_degraded=1,0.11418,0.50716,0.07916,0.6932912944473637,1.367007047967828,1.0,0.021252471199999984,1.6068666818960586,0.3030806215710876,0.14600317237817698,0.37767083525558737,0.42468807959216515,app_type=Streaming;movement_speed=Walking,service_degraded=1,2,1
fp_growth,app_type=Streaming;movement_speed=Walking,service_degraded=1,0.11418,0.50716,0.07916,0.6932912944473637,1.367007047967828,1.0,0.021252471199999984,1.6068666818960586,0.3030806215710876,0.14600317237817698,0.37767083525558737,0.42468807959216515,app_type=Streaming;movement_speed=Walking,service_degraded=1,2,1
apriori,movement_speed=Walking;offered_downlink_mbps=offered_very_high,service_degraded=1,0.11824,0.50716,0.0819,0.69265899864682,1.3657603096593185,1.0,0.021933401599999992,1.6035608585580625,0.3037188138984545,0.15068997240110393,0.3763878716151692,0.42707324883046893,movement_speed=Walking;offered_downlink_mbps=offered_very_high,service_degraded=1,2,1
fp_growth,movement_speed=Walking;offered_downlink_mbps=offered_very_high,service_degraded=1,0.11824,0.50716,0.0819,0.69265899864682,1.3657603096593185,1.0,0.021933401599999992,1.6035608585580625,0.3037188138984545,0.15068997240110393,0.3763878716151692,0.42707324883046893,movement_speed=Walking;offered_downlink_mbps=offered_very_high,service_degraded=1,2,1
apriori,band=LTE_Anchor,service_degraded=1,0.2478,0.50716,0.17116,0.6907183212267959,1.3619337511373053,1.0,0.04548575199999999,1.5934988517745305,0.353296855670356,0.29318259677971903,0.3724501282907147,0.51410275237931,band=LTE_Anchor,service_degraded=1,1,1
apriori,network_type=4G,service_degraded=1,0.2478,0.50716,0.17116,0.6907183212267959,1.3619337511373053,1.0,0.04548575199999999,1.5934988517745305,0.353296855670356,0.29318259677971903,0.3724501282907147,0.51410275237931,network_type=4G,service_degraded=1,1,1
apriori,band=LTE_Anchor;network_type=4G,service_degraded=1,0.2478,0.50716,0.17116,0.6907183212267959,1.3619337511373053,1.0,0.04548575199999999,1.5934988517745305,0.353296855670356,0.29318259677971903,0.3724501282907147,0.51410275237931,band=LTE_Anchor;network_type=4G,service_degraded=1,2,1
fp_growth,network_type=4G,service_degraded=1,0.2478,0.50716,0.17116,0.6907183212267959,1.3619337511373053,1.0,0.04548575199999999,1.5934988517745305,0.353296855670356,0.29318259677971903,0.3724501282907147,0.51410275237931,network_type=4G,service_degraded=1,1,1
fp_growth,band=LTE_Anchor,service_degraded=1,0.2478,0.50716,0.17116,0.6907183212267959,1.3619337511373053,1.0,0.04548575199999999,1.5934988517745305,0.353296855670356,0.29318259677971903,0.3724501282907147,0.51410275237931,band=LTE_Anchor,service_degraded=1,1,1
fp_growth,band=LTE_Anchor;network_type=4G,service_degraded=1,0.2478,0.50716,0.17116,0.6907183212267959,1.3619337511373053,1.0,0.04548575199999999,1.5934988517745305,0.353296855670356,0.29318259677971903,0.3724501282907147,0.51410275237931,band=LTE_Anchor;network_type=4G,service_degraded=1,2,1
apriori,app_type=Gaming;congestion_level=High,service_degraded=1,0.096,0.50716,0.06572,0.6845833333333333,1.3498370008149958,1.0,0.017032639999999995,1.5625046235138702,0.2866922691601268,0.12228341768383447,0.3600018937856775,0.40708384270578646,app_type=Gaming;congestion_level=High,service_degraded=1,2,1
fp_growth,app_type=Gaming;congestion_level=High,service_degraded=1,0.096,0.50716,0.06572,0.6845833333333333,1.3498370008149958,1.0,0.017032639999999995,1.5625046235138702,0.2866922691601268,0.12228341768383447,0.3600018937856775,0.40708384270578646,app_type=Gaming;congestion_level=High,service_degraded=1,2,1
apriori,congestion_level=High;infrastructure_profile=Nominal,service_degraded=1,0.28858,0.50716,0.19668,0.6815441125511124,1.3438443736712522,1.0,0.05032376719999998,1.5475926789989118,0.3596556396669375,0.32831435916268814,0.3538351443695973,0.5346753609525812,congestion_level=High;infrastructure_profile=Nominal,service_degraded=1,2,1
fp_growth,congestion_level=High;infrastructure_profile=Nominal,service_degraded=1,0.28858,0.50716,0.19668,0.6815441125511124,1.3438443736712522,1.0,0.05032376719999998,1.5475926789989118,0.3596556396669375,0.32831435916268814,0.3538351443695973,0.5346753609525812,congestion_level=High;infrastructure_profile=Nominal,service_degraded=1,2,1
apriori,congestion_level=High;time_of_day=afternoon,service_degraded=1,0.091,0.50716,0.06198,0.6810989010989011,1.3429665216083704,1.0,0.01582844,1.5454321157822193,0.28094587451646097,0.115595508970868,0.3529317853642178,0.4016544272826314,congestion_level=High;time_of_day=afternoon,service_degraded=1,2,1
fp_growth,congestion_level=High;time_of_day=afternoon,service_degraded=1,0.091,0.50716,0.06198,0.6810989010989011,1.3429665216083704,1.0,0.01582844,1.5454321157822193,0.28094587451646097,0.115595508970868,0.3529317853642178,0.4016544272826314,congestion_level=High;time_of_day=afternoon,service_degraded=1,2,1
apriori,band=LTE_Anchor;tower_load=Moderate,service_degraded=1,0.0749,0.50716,0.05092,0.6798397863818425,1.3404838441159446,1.0,0.012933715999999998,1.5393542952460384,0.27456567613377897,0.09586926234137891,0.3503769709882365,0.39012101315306336,band=LTE_Anchor;tower_load=Moderate,service_degraded=1,2,1
apriori,network_type=4G;tower_load=Moderate,service_degraded=1,0.0749,0.50716,0.05092,0.6798397863818425,1.3404838441159446,1.0,0.012933715999999998,1.5393542952460384,0.27456567613377897,0.09586926234137891,0.3503769709882365,0.39012101315306336,network_type=4G;tower_load=Moderate,service_degraded=1,2,1
fp_growth,network_type=4G;tower_load=Moderate,service_degraded=1,0.0749,0.50716,0.05092,0.6798397863818425,1.3404838441159446,1.0,0.012933715999999998,1.5393542952460384,0.27456567613377897,0.09586926234137891,0.3503769709882365,0.39012101315306336,network_type=4G;tower_load=Moderate,service_degraded=1,2,1
fp_growth,band=LTE_Anchor;tower_load=Moderate,service_degraded=1,0.0749,0.50716,0.05092,0.6798397863818425,1.3404838441159446,1.0,0.012933715999999998,1.5393542952460384,0.27456567613377897,0.09586926234137891,0.3503769709882365,0.39012101315306336,band=LTE_Anchor;tower_load=Moderate,service_degraded=1,2,1
apriori,congestion_level=High;obstruction_level=Medium,service_degraded=1,0.16036,0.50716,0.10888,0.678972312297331,1.338773389654805,1.0,0.027551822399999995,1.5351946853146852,0.3013763009800463,0.19490190462551907,0.3486168174201181,0.4468290065311878,congestion_level=High;obstruction_level=Medium,service_degraded=1,2,1
fp_growth,congestion_level=High;obstruction_level=Medium,service_degraded=1,0.16036,0.50716,0.10888,0.678972312297331,1.338773389654805,1.0,0.027551822399999995,1.5351946853146852,0.3013763009800463,0.19490190462551907,0.3486168174201181,0.4468290065311878,congestion_level=High;obstruction_level=Medium,service_degraded=1,2,1
apriori,infrastructure_profile=Nominal;tower_load=Heavy,service_degraded=1,0.15002,0.50716,0.10166,0.6776429809358753,1.336152261487253,1.0,0.025575856800000005,1.528863870967742,0.2959861429566359,0.18299971198156678,0.3459195295346872,0.43904627160209647,infrastructure_profile=Nominal;tower_load=Heavy,service_degraded=1,2,1
fp_growth,infrastructure_profile=Nominal;tower_load=Heavy,service_degraded=1,0.15002,0.50716,0.10166,0.6776429809358753,1.336152261487253,1.0,0.025575856800000005,1.528863870967742,0.2959861429566359,0.18299971198156678,0.3459195295346872,0.43904627160209647,infrastructure_profile=Nominal;tower_load=Heavy,service_degraded=1,2,1
apriori,congestion_level=High;tower_load=Light,service_degraded=1,0.11468,0.50716,0.0777,0.6775374956400418,1.3359442693430905,1.0,0.0195388912,1.5283637425635477,0.2840394221408995,0.1427941338626089,0.3457054939534977,0.41537179222415377,congestion_level=High;tower_load=Light,service_degraded=1,2,1
fp_growth,congestion_level=High;tower_load=Light,service_degraded=1,0.11468,0.50716,0.0777,0.6775374956400418,1.3359442693430905,1.0,0.0195388912,1.5283637425635477,0.2840394221408995,0.1427941338626089,0.3457054939534977,0.41537179222415377,congestion_level=High;tower_load=Light,service_degraded=1,2,1
apriori,network_type=5G_NSA;offered_downlink_mbps=offered_very_high,service_degraded=1,0.11606,0.50716,0.07856,0.6768912631397553,1.3346700511470844,1.0,0.0196990104,1.525306944,0.2836744017838665,0.1442367715639114,0.3443942519676879,0.41589653463794296,network_type=5G_NSA;offered_downlink_mbps=offered_very_high,service_degraded=1,2,1
fp_growth,network_type=5G_NSA;offered_downlink_mbps=offered_very_high,service_degraded=1,0.11606,0.50716,0.07856,0.6768912631397553,1.3346700511470844,1.0,0.0196990104,1.525306944,0.2836744017838665,0.1442367715639114,0.3443942519676879,0.41589653463794296,network_type=5G_NSA;offered_downlink_mbps=offered_very_high,service_degraded=1,2,1
apriori,congestion_level=Medium;signal_strength_dbm=signal_weak,service_degraded=1,0.12432,0.50716,0.08398,0.6755148005148005,1.331955991235114,1.0,0.020929868799999987,1.5188366088249874,0.28460675579574474,0.15338812785388126,0.34160133210534954,0.4205517846725749,congestion_level=Medium;signal_strength_dbm=signal_weak,service_degraded=1,2,1
fp_growth,congestion_level=Medium;signal_strength_dbm=signal_weak,service_degraded=1,0.12432,0.50716,0.08398,0.6755148005148005,1.331955991235114,1.0,0.020929868799999987,1.5188366088249874,0.28460675579574474,0.15338812785388126,0.34160133210534954,0.4205517846725749,congestion_level=Medium;signal_strength_dbm=signal_weak,service_degraded=1,2,1
apriori,congestion_level=High,service_degraded=1,0.38408,0.50716,0.25936,0.6752759841699646,1.3314851016838167,1.0,0.06456998719999996,1.517719589480436,0.40420659596786185,0.4104576818383237,0.3411167603481141,0.5933363910123424,congestion_level=High,service_degraded=1,1,1
fp_growth,congestion_level=High,service_degraded=1,0.38408,0.50716,0.25936,0.6752759841699646,1.3314851016838167,1.0,0.06456998719999996,1.517719589480436,0.40420659596786185,0.4104576818383237,0.3411167603481141,0.5933363910123424,congestion_level=High,service_degraded=1,1,1
apriori,obstruction_level=Medium;tower_load=Heavy,service_degraded=1,0.08504,0.50716,0.05728,0.6735653809971778,1.3281121953568453,1.0,0.014151113599999994,1.5097663400576367,0.2700135134277017,0.1070814327376056,0.3376458505745835,0.39325402104516194,obstruction_level=Medium;tower_load=Heavy,service_degraded=1,2,1
fp_growth,obstruction_level=Medium;tower_load=Heavy,service_degraded=1,0.08504,0.50716,0.05728,0.6735653809971778,1.3281121953568453,1.0,0.014151113599999994,1.5097663400576367,0.2700135134277017,0.1070814327376056,0.3376458505745835,0.39325402104516194,obstruction_level=Medium;tower_load=Heavy,service_degraded=1,2,1
apriori,tower_load=Heavy,service_degraded=1,0.2,0.50716,0.1345,0.6725,1.3260115151037146,1.0,0.033067999999999986,1.5048549618320608,0.30732342007434926,0.2348688576118465,0.33548413278142997,0.4688511515103715,tower_load=Heavy,service_degraded=1,1,1
apriori,congestion_level=High;tower_load=Heavy,service_degraded=1,0.2,0.50716,0.1345,0.6725,1.3260115151037146,1.0,0.033067999999999986,1.5048549618320608,0.30732342007434926,0.2348688576118465,0.33548413278142997,0.4688511515103715,congestion_level=High;tower_load=Heavy,service_degraded=1,2,1
fp_growth,tower_load=Heavy,service_degraded=1,0.2,0.50716,0.1345,0.6725,1.3260115151037146,1.0,0.033067999999999986,1.5048549618320608,0.30732342007434926,0.2348688576118465,0.33548413278142997,0.4688511515103715,tower_load=Heavy,service_degraded=1,1,1
fp_growth,congestion_level=High;tower_load=Heavy,service_degraded=1,0.2,0.50716,0.1345,0.6725,1.3260115151037146,1.0,0.033067999999999986,1.5048549618320608,0.30732342007434926,0.2348688576118465,0.33548413278142997,0.4688511515103715,congestion_level=High;tower_load=Heavy,service_degraded=1,2,1
apriori,infrastructure_profile=Nominal;offered_downlink_mbps=offered_very_high,service_degraded=1,0.19494,0.50716,0.13034,0.6686159844054581,1.3183531516788747,1.0,0.0314742296,1.4872171764705882,0.29995019113436955,0.22796278158667974,0.3276032473124301,0.46280787389686895,infrastructure_profile=Nominal;offered_downlink_mbps=offered_very_high,service_degraded=1,2,1
fp_growth,infrastructure_profile=Nominal;offered_downlink_mbps=offered_very_high,service_degraded=1,0.19494,0.50716,0.13034,0.6686159844054581,1.3183531516788747,1.0,0.0314742296,1.4872171764705882,0.29995019113436955,0.22796278158667974,0.3276032473124301,0.46280787389686895,infrastructure_profile=Nominal;offered_downlink_mbps=offered_very_high,service_degraded=1,2,1
apriori,obstruction_level=Medium;offered_downlink_mbps=offered_very_high,service_degraded=1,0.10808,0.50716,0.07224,0.6683937823834197,1.3179150216567153,1.0,0.01742614719999999,1.486220625,0.27045669615448514,0.13303867403314915,0.3271523869479338,0.40541701896203874,obstruction_level=Medium;offered_downlink_mbps=offered_very_high,service_degraded=1,2,1
fp_growth,obstruction_level=Medium;offered_downlink_mbps=offered_very_high,service_degraded=1,0.10808,0.50716,0.07224,0.6683937823834197,1.3179150216567153,1.0,0.01742614719999999,1.486220625,0.27045669615448514,0.13303867403314915,0.3271523869479338,0.40541701896203874,obstruction_level=Medium;offered_downlink_mbps=offered_very_high,service_degraded=1,2,1
apriori,band=LTE_Anchor;weather=Clear,service_degraded=1,0.178,0.50716,0.11872,0.6669662921348315,1.3151003472963787,1.0,0.028445520000000002,1.4798502024291498,0.2914863163279359,0.2095897182402373,0.3242559291754554,0.45052707697679345,band=LTE_Anchor;weather=Clear,service_degraded=1,2,1
apriori,network_type=4G;weather=Clear,service_degraded=1,0.178,0.50716,0.11872,0.6669662921348315,1.3151003472963787,1.0,0.028445520000000002,1.4798502024291498,0.2914863163279359,0.2095897182402373,0.3242559291754554,0.45052707697679345,network_type=4G;weather=Clear,service_degraded=1,2,1
fp_growth,network_type=4G;weather=Clear,service_degraded=1,0.178,0.50716,0.11872,0.6669662921348315,1.3151003472963787,1.0,0.028445520000000002,1.4798502024291498,0.2914863163279359,0.2095897182402373,0.3242559291754554,0.45052707697679345,network_type=4G;weather=Clear,service_degraded=1,2,1
fp_growth,band=LTE_Anchor;weather=Clear,service_degraded=1,0.178,0.50716,0.11872,0.6669662921348315,1.3151003472963787,1.0,0.028445520000000002,1.4798502024291498,0.2914863163279359,0.2095897182402373,0.3242559291754554,0.45052707697679345,band=LTE_Anchor;weather=Clear,service_degraded=1,2,1
apriori,congestion_level=High;time_of_day=evening,service_degraded=1,0.11926,0.50716,0.07948,0.6664430655710212,1.314068667818876,1.0,0.018996098399999987,1.47752886877828,0.271368123335093,0.14531758510988405,0.3231942731333113,0.41157944744755015,congestion_level=High;time_of_day=evening,service_degraded=1,2,1
fp_growth,congestion_level=High;time_of_day=evening,service_degraded=1,0.11926,0.50716,0.07948,0.6664430655710212,1.314068667818876,1.0,0.018996098399999987,1.47752886877828,0.271368123335093,0.14531758510988405,0.3231942731333113,0.41157944744755015,congestion_level=High;time_of_day=evening,service_degraded=1,2,1
apriori,band=n78;signal_strength_dbm=signal_weak,service_degraded=1,0.09366,0.50716,0.06236,0.6658125133461457,1.3128253674306838,1.0,0.014859394399999996,1.47474103514377,0.26290803308849775,0.11581175946216987,0.321914847305709,0.39438586862985175,band=n78;signal_strength_dbm=signal_weak,service_degraded=1,2,1
fp_growth,band=n78;signal_strength_dbm=signal_weak,service_degraded=1,0.09366,0.50716,0.06236,0.6658125133461457,1.3128253674306838,1.0,0.014859394399999996,1.47474103514377,0.26290803308849775,0.11581175946216987,0.321914847305709,0.39438586862985175,band=n78;signal_strength_dbm=signal_weak,service_degraded=1,2,1
apriori,offered_downlink_mbps=offered_very_high,service_degraded=1,0.26146,0.50716,0.17394,0.6652642851679033,1.3117443906615331,1.0,0.04133794639999999,1.47232571297989,0.3217921237373262,0.29249344185107956,0.32080246158571385,0.5041164867751339,offered_downlink_mbps=offered_very_high,service_degraded=1,1,1
fp_growth,offered_downlink_mbps=offered_very_high,service_degraded=1,0.26146,0.50716,0.17394,0.6652642851679033,1.3117443906615331,1.0,0.04133794639999999,1.47232571297989,0.3217921237373262,0.29249344185107956,0.32080246158571385,0.5041164867751339,offered_downlink_mbps=offered_very_high,service_degraded=1,1,1
apriori,app_type=Streaming;obstruction_level=Medium,service_degraded=1,0.10532,0.50716,0.06974,0.6621724268894796,1.305647974780108,1.0,0.01632590879999999,1.4588507251264753,0.26165419017213537,0.1284961491690312,0.314528907737764,0.3998416357966603,app_type=Streaming;obstruction_level=Medium,service_degraded=1,2,1
fp_growth,app_type=Streaming;obstruction_level=Medium,service_degraded=1,0.10532,0.50716,0.06974,0.6621724268894796,1.305647974780108,1.0,0.01632590879999999,1.4588507251264753,0.26165419017213537,0.1284961491690312,0.314528907737764,0.3998416357966603,app_type=Streaming;obstruction_level=Medium,service_degraded=1,2,1
apriori,signal_strength_dbm=signal_weak;tower_load=Light,service_degraded=1,0.1483,0.50716,0.0979,0.6601483479433581,1.3016569681034742,1.0,0.022688171999999993,1.4501621428571427,0.27210101817634924,0.1755864839658512,0.3104219380394409,0.42659203815655167,signal_strength_dbm=signal_weak;tower_load=Light,service_degraded=1,2,1
fp_growth,signal_strength_dbm=signal_weak;tower_load=Light,service_degraded=1,0.1483,0.50716,0.0979,0.6601483479433581,1.3016569681034742,1.0,0.022688171999999993,1.4501621428571427,0.27210101817634924,0.1755864839658512,0.3104219380394409,0.42659203815655167,signal_strength_dbm=signal_weak;tower_load=Light,service_degraded=1,2,1
apriori,app_type=Streaming;infrastructure_profile=Nominal,service_degraded=1,0.19048,0.50716,0.1254,0.6583368332633348,1.2980850880655705,1.0,0.028796163200000002,1.4424733128457286,0.2836674514269034,0.21913882287152242,0.30674627315829633,0.4527980404190323,app_type=Streaming;infrastructure_profile=Nominal,service_degraded=1,2,1
fp_growth,app_type=Streaming;infrastructure_profile=Nominal,service_degraded=1,0.19048,0.50716,0.1254,0.6583368332633348,1.2980850880655705,1.0,0.028796163200000002,1.4424733128457286,0.2836674514269034,0.21913882287152242,0.30674627315829633,0.4527980404190323,app_type=Streaming;infrastructure_profile=Nominal,service_degraded=1,2,1
apriori,offered_downlink_mbps=offered_very_high;tower_load=Moderate,service_degraded=1,0.07746,0.50716,0.05096,0.6578879421636974,1.297199980605129,1.0,0.011675386399999994,1.4405806188679244,0.24834569590971933,0.09549151144923733,0.305835447941923,0.37918452633068533,offered_downlink_mbps=offered_very_high;tower_load=Moderate,service_degraded=1,2,1
fp_growth,offered_downlink_mbps=offered_very_high;tower_load=Moderate,service_degraded=1,0.07746,0.50716,0.05096,0.6578879421636974,1.297199980605129,1.0,0.011675386399999994,1.4405806188679244,0.24834569590971933,0.09549151144923733,0.305835447941923,0.37918452633068533,offered_downlink_mbps=offered_very_high;tower_load=Moderate,service_degraded=1,2,1
apriori,app_type=Streaming,service_degraded=1,0.25252,0.50716,0.16602,0.6574528750198003,1.2963421307275815,1.0,0.037951956799999964,1.4387509456647394,0.3058258465385426,0.2796550213927163,0.3049526723070373,0.4924025949355646,app_type=Streaming,service_degraded=1,1,1
fp_growth,app_type=Streaming,service_degraded=1,0.25252,0.50716,0.16602,0.6574528750198003,1.2963421307275815,1.0,0.037951956799999964,1.4387509456647394,0.3058258465385426,0.2796550213927163,0.3049526723070373,0.4924025949355646,app_type=Streaming,service_degraded=1,1,1
apriori,congestion_level=High;weather=Clear,service_degraded=1,0.26892,0.50716,0.17474,0.6497843224750856,1.2812215523209352,1.0,0.03835453280000001,1.4072471097897643,0.3002337165761321,0.2905843615924435,0.2893927491175341,0.4971652111626157,congestion_level=High;weather=Clear,service_degraded=1,2,1
fp_growth,congestion_level=High;weather=Clear,service_degraded=1,0.26892,0.50716,0.17474,0.6497843224750856,1.2812215523209352,1.0,0.03835453280000001,1.4072471097897643,0.3002337165761321,0.2905843615924435,0.2893927491175341,0.4971652111626157,congestion_level=High;weather=Clear,service_degraded=1,2,1
apriori,band=LTE_Anchor;movement_speed=Static,service_degraded=1,0.12402,0.50716,0.08006,0.6455410417674569,1.2728548027593989,1.0,0.0171620168,1.3904007461328478,0.24471384811581953,0.14526781826099577,0.2807828945853762,0.40170024720283876,band=LTE_Anchor;movement_speed=Static,service_degraded=1,2,1
apriori,movement_speed=Static;network_type=4G,service_degraded=1,0.12402,0.50716,0.08006,0.6455410417674569,1.2728548027593989,1.0,0.0171620168,1.3904007461328478,0.24471384811581953,0.14526781826099577,0.2807828945853762,0.40170024720283876,movement_speed=Static;network_type=4G,service_degraded=1,2,1
fp_growth,movement_speed=Static;network_type=4G,service_degraded=1,0.12402,0.50716,0.08006,0.6455410417674569,1.2728548027593989,1.0,0.0171620168,1.3904007461328478,0.24471384811581953,0.14526781826099577,0.2807828945853762,0.40170024720283876,movement_speed=Static;network_type=4G,service_degraded=1,2,1
fp_growth,band=LTE_Anchor;movement_speed=Static,service_degraded=1,0.12402,0.50716,0.08006,0.6455410417674569,1.2728548027593989,1.0,0.0171620168,1.3904007461328478,0.24471384811581953,0.14526781826099577,0.2807828945853762,0.40170024720283876,band=LTE_Anchor;movement_speed=Static,service_degraded=1,2,1
apriori,band=n78;offered_downlink_mbps=offered_very_high,service_degraded=1,0.10018,0.50716,0.06448,0.643641445398283,1.2691092463882858,1.0,0.013672711199999986,1.3829891092436972,0.23565354096460298,0.1187783222193567,0.2769285070170502,0.38539040485073073,band=n78;offered_downlink_mbps=offered_very_high,service_degraded=1,2,1
fp_growth,band=n78;offered_downlink_mbps=offered_very_high,service_degraded=1,0.10018,0.50716,0.06448,0.643641445398283,1.2691092463882858,1.0,0.013672711199999986,1.3829891092436972,0.23565354096460298,0.1187783222193567,0.2769285070170502,0.38539040485073073,band=n78;offered_downlink_mbps=offered_very_high,service_degraded=1,2,1
apriori,tower_load=Heavy;weather=Clear,service_degraded=1,0.14066,0.50716,0.0905,0.6433954215839612,1.2686241454057126,1.0,0.019162874399999988,1.3820349760765545,0.2464035987016631,0.1623842675662097,0.27642931090001055,0.41092004693836437,tower_load=Heavy;weather=Clear,service_degraded=1,2,1
fp_growth,tower_load=Heavy;weather=Clear,service_degraded=1,0.14066,0.50716,0.0905,0.6433954215839612,1.2686241454057126,1.0,0.019162874399999988,1.3820349760765545,0.2464035987016631,0.1623842675662097,0.27642931090001055,0.41092004693836437,tower_load=Heavy;weather=Clear,service_degraded=1,2,1
apriori,congestion_level=High;offered_downlink_mbps=offered_high,service_degraded=1,0.12016,0.50716,0.0772,0.6424766977363515,1.2668126384895328,1.0,0.016259654399999997,1.3784835754189941,0.23938134771559966,0.14033301825056352,0.2745651686883197,0.3973484521886269,congestion_level=High;offered_downlink_mbps=offered_high,service_degraded=1,2,1
fp_growth,congestion_level=High;offered_downlink_mbps=offered_high,service_degraded=1,0.12016,0.50716,0.0772,0.6424766977363515,1.2668126384895328,1.0,0.016259654399999997,1.3784835754189941,0.23938134771559966,0.14033301825056352,0.2745651686883197,0.3973484521886269,congestion_level=High;offered_downlink_mbps=offered_high,service_degraded=1,2,1
apriori,offered_downlink_mbps=offered_very_high;weather=Clear,service_degraded=1,0.18388,0.50716,0.11756,0.6393299978246683,1.260608087831588,1.0,0.024303419199999995,1.366456863691194,0.2533108426619073,0.20499407128409008,0.26818033809079667,0.4355653065075703,offered_downlink_mbps=offered_very_high;weather=Clear,service_degraded=1,2,1
fp_growth,offered_downlink_mbps=offered_very_high;weather=Clear,service_degraded=1,0.18388,0.50716,0.11756,0.6393299978246683,1.260608087831588,1.0,0.024303419199999995,1.366456863691194,0.2533108426619073,0.20499407128409008,0.26818033809079667,0.4355653065075703,offered_downlink_mbps=offered_very_high;weather=Clear,service_degraded=1,2,1
apriori,app_type=Streaming;network_type=5G_NSA,service_degraded=1,0.10014,0.50716,0.06386,0.6377072099061314,1.2574083324909917,1.0,0.01307299759999999,1.3603362072767362,0.2274947192432737,0.11751067275136169,0.2648876103930918,0.38181204016088965,app_type=Streaming;network_type=5G_NSA,service_degraded=1,2,1
fp_growth,app_type=Streaming;network_type=5G_NSA,service_degraded=1,0.10014,0.50716,0.06386,0.6377072099061314,1.2574083324909917,1.0,0.01307299759999999,1.3603362072767362,0.2274947192432737,0.11751067275136169,0.2648876103930918,0.38181204016088965,app_type=Streaming;network_type=5G_NSA,service_degraded=1,2,1
apriori,movement_speed=Static;offered_downlink_mbps=offered_very_high,service_degraded=1,0.1327,0.50716,0.08438,0.6358703843255462,1.25378654532208,1.0,0.017079867999999984,1.353474089403973,0.23338645239110486,0.15190465903362854,0.2611605882751931,0.40112392944489317,movement_speed=Static;offered_downlink_mbps=offered_very_high,service_degraded=1,2,1
fp_growth,movement_speed=Static;offered_downlink_mbps=offered_very_high,service_degraded=1,0.1327,0.50716,0.08438,0.6358703843255462,1.25378654532208,1.0,0.017079867999999984,1.353474089403973,0.23338645239110486,0.15190465903362854,0.2611605882751931,0.40112392944489317,movement_speed=Static;offered_downlink_mbps=offered_very_high,service_degraded=1,2,1
apriori,app_type=Streaming;weather=Clear,service_degraded=1,0.17694,0.50716,0.11248,0.635695716061942,1.2534421406694967,1.0,0.02274310959999999,1.3528251566863172,0.24566486081378508,0.1967740806829712,0.2608061765724006,0.42873988421600134,app_type=Streaming;weather=Clear,service_degraded=1,2,1
fp_growth,app_type=Streaming;weather=Clear,service_degraded=1,0.17694,0.50716,0.11248,0.635695716061942,1.2534421406694967,1.0,0.02274310959999999,1.3528251566863172,0.24566486081378508,0.1967740806829712,0.2608061765724006,0.42873988421600134,app_type=Streaming;weather=Clear,service_degraded=1,2,1
apriori,band=LTE_Anchor;congestion_level=Medium,service_degraded=1,0.10782,0.50716,0.06816,0.6321647189760712,1.2464798465495526,1.0,0.01347800879999999,1.3398388502269285,0.22163771821450778,0.12464796459529642,0.25364158545587034,0.383280088015522,band=LTE_Anchor;congestion_level=Medium,service_degraded=1,2,1
apriori,congestion_level=Medium;network_type=4G,service_degraded=1,0.10782,0.50716,0.06816,0.6321647189760712,1.2464798465495526,1.0,0.01347800879999999,1.3398388502269285,0.22163771821450778,0.12464796459529642,0.25364158545587034,0.383280088015522,congestion_level=Medium;network_type=4G,service_degraded=1,2,1
fp_growth,congestion_level=Medium;network_type=4G,service_degraded=1,0.10782,0.50716,0.06816,0.6321647189760712,1.2464798465495526,1.0,0.01347800879999999,1.3398388502269285,0.22163771821450778,0.12464796459529642,0.25364158545587034,0.383280088015522,congestion_level=Medium;network_type=4G,service_degraded=1,2,1
fp_growth,band=LTE_Anchor;congestion_level=Medium,service_degraded=1,0.10782,0.50716,0.06816,0.6321647189760712,1.2464798465495526,1.0,0.01347800879999999,1.3398388502269285,0.22163771821450778,0.12464796459529642,0.25364158545587034,0.383280088015522,band=LTE_Anchor;congestion_level=Medium,service_degraded=1,2,1
apriori,congestion_level=High;movement_speed=Static,service_degraded=1,0.19362,0.50716,0.12194,0.6297903109182936,1.241798073425139,1.0,0.0237436808,1.3312455468750002,0.24146940206958575,0.2106627047197844,0.24882377834245106,0.4351136269474345,congestion_level=High;movement_speed=Static,service_degraded=1,2,1
fp_growth,congestion_level=High;movement_speed=Static,service_degraded=1,0.19362,0.50716,0.12194,0.6297903109182936,1.241798073425139,1.0,0.0237436808,1.3312455468750002,0.24146940206958575,0.2106627047197844,0.24882377834245106,0.4351136269474345,congestion_level=High;movement_speed=Static,service_degraded=1,2,1
apriori,movement_speed=Static;tower_load=Heavy,service_degraded=1,0.1016,0.50716,0.0639,0.6289370078740157,1.2401155609157182,1.0,0.012372543999999992,1.3281841909814323,0.21552041048109163,0.11727783283779317,0.24709237860972263,0.37746637443152636,movement_speed=Static;tower_load=Heavy,service_degraded=1,2,1
fp_growth,movement_speed=Static;tower_load=Heavy,service_degraded=1,0.1016,0.50716,0.0639,0.6289370078740157,1.2401155609157182,1.0,0.012372543999999992,1.3281841909814323,0.21552041048109163,0.11727783283779317,0.24709237860972263,0.37746637443152636,movement_speed=Static;tower_load=Heavy,service_degraded=1,2,1
apriori,band=LTE_Anchor;offered_downlink_mbps=offered_moderate,service_degraded=1,0.08216,0.50716,0.05166,0.6287731256085687,1.2397924237096156,1.0,0.009991734399999994,1.3275978491803277,0.2107266672895837,0.09608302644794108,0.2467598523021034,0.36531723557027534,band=LTE_Anchor;offered_downlink_mbps=offered_moderate,service_degraded=1,2,1
apriori,network_type=4G;offered_downlink_mbps=offered_moderate,service_degraded=1,0.08216,0.50716,0.05166,0.6287731256085687,1.2397924237096156,1.0,0.009991734399999994,1.3275978491803277,0.2107266672895837,0.09608302644794108,0.2467598523021034,0.36531723557027534,network_type=4G;offered_downlink_mbps=offered_moderate,service_degraded=1,2,1
fp_growth,band=LTE_Anchor;offered_downlink_mbps=offered_moderate,service_degraded=1,0.08216,0.50716,0.05166,0.6287731256085687,1.2397924237096156,1.0,0.009991734399999994,1.3275978491803277,0.2107266672895837,0.09608302644794108,0.2467598523021034,0.36531723557027534,band=LTE_Anchor;offered_downlink_mbps=offered_moderate,service_degraded=1,2,1
fp_growth,network_type=4G;offered_downlink_mbps=offered_moderate,service_degraded=1,0.08216,0.50716,0.05166,0.6287731256085687,1.2397924237096156,1.0,0.009991734399999994,1.3275978491803277,0.2107266672895837,0.09608302644794108,0.2467598523021034,0.36531723557027534,network_type=4G;offered_downlink_mbps=offered_moderate,service_degraded=1,2,1
apriori,weather=Foggy,service_degraded=1,0.1014,0.50716,0.06358,0.6270216962524654,1.2363390177704576,1.0,0.01215397599999999,1.3213637228979371,0.21273132082641977,0.11666483173694445,0.24320610391296438,0.3761932363271949,weather=Foggy,service_degraded=1,1,1
fp_growth,weather=Foggy,service_degraded=1,0.1014,0.50716,0.06358,0.6270216962524654,1.2363390177704576,1.0,0.01215397599999999,1.3213637228979371,0.21273132082641977,0.11666483173694445,0.24320610391296438,0.3761932363271949,weather=Foggy,service_degraded=1,1,1
apriori,congestion_level=High;offered_downlink_mbps=offered_moderate,service_degraded=1,0.09532,0.50716,0.05954,0.6246328157784306,1.2316287084518307,1.0,0.011197508799999999,1.3129544102850754,0.2078823380838926,0.1096622094522415,0.23835893145530093,0.37101583213402956,congestion_level=High;offered_downlink_mbps=offered_moderate,service_degraded=1,2,1
fp_growth,congestion_level=High;offered_downlink_mbps=offered_moderate,service_degraded=1,0.09532,0.50716,0.05954,0.6246328157784306,1.2316287084518307,1.0,0.011197508799999999,1.3129544102850754,0.2078823380838926,0.1096622094522415,0.23835893145530093,0.37101583213402956,congestion_level=High;offered_downlink_mbps=offered_moderate,service_degraded=1,2,1
apriori,app_type=Browse;congestion_level=High,service_degraded=1,0.09664,0.50716,0.0603,0.6239652317880794,1.230312390149222,1.0,0.011288057599999991,1.3106234892680237,0.20722447509764894,0.11094756209751608,0.23700436609869197,0.3714313105860501,app_type=Browse;congestion_level=High,service_degraded=1,2,1
fp_growth,app_type=Browse;congestion_level=High,service_degraded=1,0.09664,0.50716,0.0603,0.6239652317880794,1.230312390149222,1.0,0.011288057599999991,1.3106234892680237,0.20722447509764894,0.11094756209751608,0.23700436609869197,0.3714313105860501,app_type=Browse;congestion_level=High,service_degraded=1,2,1
apriori,band=LTE_Anchor;tower_load=Light,service_degraded=1,0.1233,0.50716,0.07688,0.6235198702351987,1.2294342421231932,1.0,0.014347171999999991,1.309073071951745,0.21286385529312618,0.13887784963329602,0.2361007025306361,0.38755455614449424,band=LTE_Anchor;tower_load=Light,service_degraded=1,2,1
apriori,network_type=4G;tower_load=Light,service_degraded=1,0.1233,0.50716,0.07688,0.6235198702351987,1.2294342421231932,1.0,0.014347171999999991,1.309073071951745,0.21286385529312618,0.13887784963329602,0.2361007025306361,0.38755455614449424,network_type=4G;tower_load=Light,service_degraded=1,2,1
fp_growth,network_type=4G;tower_load=Light,service_degraded=1,0.1233,0.50716,0.07688,0.6235198702351987,1.2294342421231932,1.0,0.014347171999999991,1.309073071951745,0.21286385529312618,0.13887784963329602,0.2361007025306361,0.38755455614449424,network_type=4G;tower_load=Light,service_degraded=1,2,1
fp_growth,band=LTE_Anchor;tower_load=Light,service_degraded=1,0.1233,0.50716,0.07688,0.6235198702351987,1.2294342421231932,1.0,0.014347171999999991,1.309073071951745,0.21286385529312618,0.13887784963329602,0.2361007025306361,0.38755455614449424,band=LTE_Anchor;tower_load=Light,service_degraded=1,2,1
apriori,band=n260,service_degraded=1,0.082,0.50716,0.05106,0.6226829268292683,1.2277839869651948,1.0,0.009472879999999996,1.3061693600517128,0.2020963845345771,0.09488942575729419,0.234402497421614,0.36168060688020714,band=n260,service_degraded=1,1,1
fp_growth,band=n260,service_degraded=1,0.082,0.50716,0.05106,0.6226829268292683,1.2277839869651948,1.0,0.009472879999999996,1.3061693600517128,0.2020963845345771,0.09488942575729419,0.234402497421614,0.36168060688020714,band=n260,service_degraded=1,1,1
apriori,band=n78;congestion_level=High,service_degraded=1,0.11822,0.50716,0.07338,0.6207071561495516,1.2238882328053309,1.0,0.013423544799999992,1.2993654058876,0.2074575596583883,0.13293478260869565,0.23039354790510427,0.38269761151589893,band=n78;congestion_level=High,service_degraded=1,2,1
fp_growth,band=n78;congestion_level=High,service_degraded=1,0.11822,0.50716,0.07338,0.6207071561495516,1.2238882328053309,1.0,0.013423544799999992,1.2993654058876,0.2074575596583883,0.13293478260869565,0.23039354790510427,0.38269761151589893,band=n78;congestion_level=High,service_degraded=1,2,1
apriori,app_type=Streaming;movement_speed=Static,service_degraded=1,0.12842,0.50716,0.07946,0.6187509733686342,1.2200311013657112,1.0,0.014330512799999987,1.292698382352941,0.2069216413387948,0.14288283104365962,0.22642434333380837,0.3877136837030094,app_type=Streaming;movement_speed=Static,service_degraded=1,2,1
fp_growth,app_type=Streaming;movement_speed=Static,service_degraded=1,0.12842,0.50716,0.07946,0.6187509733686342,1.2200311013657112,1.0,0.014330512799999987,1.292698382352941,0.2069216413387948,0.14288283104365962,0.22642434333380837,0.3877136837030094,app_type=Streaming;movement_speed=Static,service_degraded=1,2,1
apriori,offered_downlink_mbps=offered_very_high;tower_load=Light,service_degraded=1,0.13098,0.50716,0.0802,0.6123072224767139,1.2073255431751593,1.0,0.013772183199999982,1.2712127451752653,0.19760532846613504,0.14374305480876076,0.21334961138851113,0.3852213610608981,offered_downlink_mbps=offered_very_high;tower_load=Light,service_degraded=1,2,1
fp_growth,offered_downlink_mbps=offered_very_high;tower_load=Light,service_degraded=1,0.13098,0.50716,0.0802,0.6123072224767139,1.2073255431751593,1.0,0.013772183199999982,1.2712127451752653,0.19760532846613504,0.14374305480876076,0.21334961138851113,0.3852213610608981,offered_downlink_mbps=offered_very_high;tower_load=Light,service_degraded=1,2,1
apriori,congestion_level=Medium;offered_downlink_mbps=offered_very_high,service_degraded=1,0.11348,0.50716,0.06898,0.6078604159323229,1.1985574886275,1.0,0.011427483199999998,1.2567973752808987,0.18686968936902257,0.1250407859913715,0.2043267915192006,0.3719363598708858,congestion_level=Medium;offered_downlink_mbps=offered_very_high,service_degraded=1,2,1
fp_growth,congestion_level=Medium;offered_downlink_mbps=offered_very_high,service_degraded=1,0.11348,0.50716,0.06898,0.6078604159323229,1.1985574886275,1.0,0.011427483199999998,1.2567973752808987,0.18686968936902257,0.1250407859913715,0.2043267915192006,0.3719363598708858,congestion_level=Medium;offered_downlink_mbps=offered_very_high,service_degraded=1,2,1
apriori,congestion_level=High;signal_strength_dbm=signal_moderate,service_degraded=1,0.11196,0.50716,0.06764,0.6041443372633084,1.1912302572428983,1.0,0.0108583664,1.2449992418772564,0.1807708354382042,0.1226517734097338,0.196786659490521,0.36875723843211167,congestion_level=High;signal_strength_dbm=signal_moderate,service_degraded=1,2,1
fp_growth,congestion_level=High;signal_strength_dbm=signal_moderate,service_degraded=1,0.11196,0.50716,0.06764,0.6041443372633084,1.1912302572428983,1.0,0.0108583664,1.2449992418772564,0.1807708354382042,0.1226517734097338,0.196786659490521,0.36875723843211167,congestion_level=High;signal_strength_dbm=signal_moderate,service_degraded=1,2,1
apriori,app_type=Streaming;tower_load=Light,service_degraded=1,0.128,0.50716,0.07726,0.6035937499999999,1.190144628913952,1.0,0.012343519999999983,1.243270003941663,0.1832178726900942,0.13848359921132816,0.19566948705462195,0.3779661312504929,app_type=Streaming;tower_load=Light,service_degraded=1,2,1
fp_growth,app_type=Streaming;tower_load=Light,service_degraded=1,0.128,0.50716,0.07726,0.6035937499999999,1.190144628913952,1.0,0.012343519999999983,1.243270003941663,0.1832178726900942,0.13848359921132816,0.19566948705462195,0.3779661312504929,app_type=Streaming;tower_load=Light,service_degraded=1,2,1
