node_id,node_type,graph_view,node_label,source_column,source_value,context_family,context_value,row_count
external_reference_evidence:reference_context:application_context_amazon_prime:fc9e4d120356,reference_context,external_reference_evidence,application_context=Amazon_Prime,application_context,Amazon_Prime,application_context,Amazon_Prime,72673
external_reference_evidence:reference_context:application_context_browse:6c311d98379b,reference_context,external_reference_evidence,application_context=Browse,application_context,Browse,application_context,Browse,3
external_reference_evidence:reference_context:application_context_call:bd76fdf40203,reference_context,external_reference_evidence,application_context=Call,application_context,Call,application_context,Call,3
external_reference_evidence:reference_context:application_context_download:0ac3bb5660de,reference_context,external_reference_evidence,application_context=Download,application_context,Download,application_context,Download,43210
external_reference_evidence:reference_context:application_context_gaming:220ae003d63c,reference_context,external_reference_evidence,application_context=Gaming,application_context,Gaming,application_context,Gaming,3
external_reference_evidence:reference_context:application_context_netflix:db7c7e327fc4,reference_context,external_reference_evidence,application_context=Netflix,application_context,Netflix,application_context,Netflix,72834
external_reference_evidence:reference_context:application_context_streaming:252c4bbfc167,reference_context,external_reference_evidence,application_context=Streaming,application_context,Streaming,application_context,Streaming,3
external_reference_evidence:reference_context:application_context_qos_reference:40081d029059,reference_context,external_reference_evidence,application_context=qos_reference,application_context,qos_reference,application_context,qos_reference,13
external_reference_evidence:reference_context:measurement_context_controlled_simulation:759bbb4ef790,reference_context,external_reference_evidence,measurement_context=controlled_simulation,measurement_context,controlled_simulation,measurement_context,controlled_simulation,13
external_reference_evidence:reference_context:measurement_context_controlled_testbed:cb0d3c8f605e,reference_context,external_reference_evidence,measurement_context=controlled_testbed,measurement_context,controlled_testbed,measurement_context,controlled_testbed,303
external_reference_evidence:reference_context:measurement_context_drive_test:4800083e5dc3,reference_context,external_reference_evidence,measurement_context=drive_test,measurement_context,drive_test,measurement_context,drive_test,3895146
external_reference_evidence:reference_context:measurement_context_production_trace:eb86b6caa648,reference_context,external_reference_evidence,measurement_context=production_trace,measurement_context,production_trace,measurement_context,production_trace,188717
external_reference_evidence:reference_context:measurement_context_synthetic_session_record:3c96002206db,reference_context,external_reference_evidence,measurement_context=synthetic_session_record,measurement_context,synthetic_session_record,measurement_context,synthetic_session_record,12
external_reference_evidence:reference_context:measurement_source_ntnu:6d4048c2bd4e,reference_context,external_reference_evidence,measurement_source=ntnu,measurement_source,ntnu,measurement_source,ntnu,142
external_reference_evidence:reference_context:measurement_source_phone:73d2dc1bfc3e,reference_context,external_reference_evidence,measurement_source=phone,measurement_source,phone,measurement_source,phone,2056612
external_reference_evidence:reference_context:measurement_source_scanner:538e7762eadc,reference_context,external_reference_evidence,measurement_source=scanner,measurement_source,scanner,measurement_source,scanner,2027244
external_reference_evidence:reference_context:measurement_source_simulator:5300fda58e1a,reference_context,external_reference_evidence,measurement_source=simulator,measurement_source,simulator,measurement_source,simulator,12
external_reference_evidence:reference_context:measurement_source_wue:9be4922f57e4,reference_context,external_reference_evidence,measurement_source=wue,measurement_source,wue,measurement_source,wue,160
external_reference_evidence:reference_context:mobility_context_driving:4e8a52f89a8c,reference_context,external_reference_evidence,mobility_context=Driving,mobility_context,Driving,mobility_context,Driving,103552
external_reference_evidence:reference_context:mobility_context_static:a19762848f5c,reference_context,external_reference_evidence,mobility_context=Static,mobility_context,Static,mobility_context,Static,85173
external_reference_evidence:reference_context:mobility_context_walking:84d791496687,reference_context,external_reference_evidence,mobility_context=Walking,mobility_context,Walking,mobility_context,Walking,4
external_reference_evidence:reference_context:mobility_context_controlled:c08c59309de8,reference_context,external_reference_evidence,mobility_context=controlled,mobility_context,controlled,mobility_context,controlled,316
external_reference_evidence:reference_context:mobility_context_mobile_measurement:d7c0836ae1e9,reference_context,external_reference_evidence,mobility_context=mobile_measurement,mobility_context,mobile_measurement,mobility_context,mobile_measurement,3895146
external_reference_evidence:reference_context:network_mode_5g:b7ac4161e85d,reference_context,external_reference_evidence,network_mode=5G,network_mode,5G,network_mode,5G,136403
external_reference_evidence:reference_context:network_mode_5g:5aa16e26bbd4,reference_context,external_reference_evidence,network_mode=5g,network_mode,5g,network_mode,5g,2182040
external_reference_evidence:reference_context:network_mode_5g_nr:a15aa4eb5196,reference_context,external_reference_evidence,network_mode=5g_nr,network_mode,5g_nr,network_mode,5g_nr,12
external_reference_evidence:reference_context:network_mode_edge:b5e6325aad1b,reference_context,external_reference_evidence,network_mode=EDGE,network_mode,EDGE,network_mode,EDGE,13
external_reference_evidence:reference_context:network_mode_gprs:8e182c1ab7fd,reference_context,external_reference_evidence,network_mode=GPRS,network_mode,GPRS,network_mode,GPRS,78
external_reference_evidence:reference_context:network_mode_hsdpa:8982a386bf39,reference_context,external_reference_evidence,network_mode=HSDPA,network_mode,HSDPA,network_mode,HSDPA,163
external_reference_evidence:reference_context:network_mode_hspa+:1a311b71eb59,reference_context,external_reference_evidence,network_mode=HSPA+,network_mode,HSPA+,network_mode,HSPA+,15880
external_reference_evidence:reference_context:network_mode_hsupa:ace84350c56d,reference_context,external_reference_evidence,network_mode=HSUPA,network_mode,HSUPA,network_mode,HSUPA,470
external_reference_evidence:reference_context:network_mode_lte:687da26df707,reference_context,external_reference_evidence,network_mode=LTE,network_mode,LTE,network_mode,LTE,35212
external_reference_evidence:reference_context:network_mode_umts:6953c268e7a5,reference_context,external_reference_evidence,network_mode=UMTS,network_mode,UMTS,network_mode,UMTS,492
external_reference_evidence:reference_context:network_mode_lte:c978042b2768,reference_context,external_reference_evidence,network_mode=lte,network_mode,lte,network_mode,lte,1713407
external_reference_evidence:reference_context:scenario_season3-strangerthings:f4ad498b7342,reference_context,external_reference_evidence,scenario=Season3-StrangerThings,scenario,Season3-StrangerThings,scenario,Season3-StrangerThings,48947
external_reference_evidence:reference_context:scenario_season3-theexpanse:e418f05433b6,reference_context,external_reference_evidence,scenario=Season3-TheExpanse,scenario,Season3-TheExpanse,scenario,Season3-TheExpanse,47352
external_reference_evidence:reference_context:scenario_animated-adventuretime:bddb8978eb50,reference_context,external_reference_evidence,scenario=animated-AdventureTime,scenario,animated-AdventureTime,scenario,animated-AdventureTime,13385
external_reference_evidence:reference_context:scenario_animated-ninjago:22c05efc56ad,reference_context,external_reference_evidence,scenario=animated-Ninjago,scenario,animated-Ninjago,scenario,animated-Ninjago,11934
external_reference_evidence:reference_context:scenario_animated-rickandmorty:97aa7ffc7d1d,reference_context,external_reference_evidence,scenario=animated-RickandMorty,scenario,animated-RickandMorty,scenario,animated-RickandMorty,23885
external_reference_evidence:reference_context:scenario_medium_load_ofdma_seed_1:9b4ca3496156,reference_context,external_reference_evidence,scenario=medium_load_ofdma_seed_1,scenario,medium_load_ofdma_seed_1,scenario,medium_load_ofdma_seed_1,1
external_reference_evidence:reference_context:scenario_medium_load_ofdma_seed_2:319b6ba7f2f2,reference_context,external_reference_evidence,scenario=medium_load_ofdma_seed_2,scenario,medium_load_ofdma_seed_2,scenario,medium_load_ofdma_seed_2,1
external_reference_evidence:reference_context:scenario_medium_load_ofdma_seed_3:b14fe820f573,reference_context,external_reference_evidence,scenario=medium_load_ofdma_seed_3,scenario,medium_load_ofdma_seed_3,scenario,medium_load_ofdma_seed_3,1
external_reference_evidence:reference_context:scenario_medium_load_tdma_seed_1:6492cce4a63e,reference_context,external_reference_evidence,scenario=medium_load_tdma_seed_1,scenario,medium_load_tdma_seed_1,scenario,medium_load_tdma_seed_1,1
external_reference_evidence:reference_context:scenario_medium_load_tdma_seed_2:26a6e0ccf97c,reference_context,external_reference_evidence,scenario=medium_load_tdma_seed_2,scenario,medium_load_tdma_seed_2,scenario,medium_load_tdma_seed_2,1
external_reference_evidence:reference_context:scenario_medium_load_tdma_seed_3:8f8a2187d6f1,reference_context,external_reference_evidence,scenario=medium_load_tdma_seed_3,scenario,medium_load_tdma_seed_3,scenario,medium_load_tdma_seed_3,1
external_reference_evidence:reference_context:scenario_oai_b200_20mhz_10slots_ratio2_25up_75down_rep1:34987be25af4,reference_context,external_reference_evidence,scenario=oai_b200_20mhz_10slots_ratio2_25up_75down_rep1,scenario,oai_b200_20mhz_10slots_ratio2_25up_75down_rep1,scenario,oai_b200_20mhz_10slots_ratio2_25up_75down_rep1,2
external_reference_evidence:reference_context:scenario_oai_b200_20mhz_10slots_ratio2_25up_75down_rep2:6ebbd008a9c8,reference_context,external_reference_evidence,scenario=oai_b200_20mhz_10slots_ratio2_25up_75down_rep2,scenario,oai_b200_20mhz_10slots_ratio2_25up_75down_rep2,scenario,oai_b200_20mhz_10slots_ratio2_25up_75down_rep2,2
external_reference_evidence:reference_context:scenario_oai_b200_20mhz_10slots_ratio2_25up_75down_rep3:1bf494f3353b,reference_context,external_reference_evidence,scenario=oai_b200_20mhz_10slots_ratio2_25up_75down_rep3,scenario,oai_b200_20mhz_10slots_ratio2_25up_75down_rep3,scenario,oai_b200_20mhz_10slots_ratio2_25up_75down_rep3,2
external_reference_evidence:reference_context:scenario_oai_b200_20mhz_10slots_ratio2_25up_75down_rep4:2f82456649f3,reference_context,external_reference_evidence,scenario=oai_b200_20mhz_10slots_ratio2_25up_75down_rep4,scenario,oai_b200_20mhz_10slots_ratio2_25up_75down_rep4,scenario,oai_b200_20mhz_10slots_ratio2_25up_75down_rep4,2
external_reference_evidence:reference_context:scenario_oai_b200_20mhz_10slots_ratio2_25up_75down_rep5:9a46d3b4cdf9,reference_context,external_reference_evidence,scenario=oai_b200_20mhz_10slots_ratio2_25up_75down_rep5,scenario,oai_b200_20mhz_10slots_ratio2_25up_75down_rep5,scenario,oai_b200_20mhz_10slots_ratio2_25up_75down_rep5,2
external_reference_evidence:reference_context:scenario_oai_b200_20mhz_10slots_ratio4_25up_75down_rep1:f13b8307c286,reference_context,external_reference_evidence,scenario=oai_b200_20mhz_10slots_ratio4_25up_75down_rep1,scenario,oai_b200_20mhz_10slots_ratio4_25up_75down_rep1,scenario,oai_b200_20mhz_10slots_ratio4_25up_75down_rep1,2
external_reference_evidence:reference_context:scenario_oai_b200_20mhz_10slots_ratio4_25up_75down_rep2:75679cd7b6c5,reference_context,external_reference_evidence,scenario=oai_b200_20mhz_10slots_ratio4_25up_75down_rep2,scenario,oai_b200_20mhz_10slots_ratio4_25up_75down_rep2,scenario,oai_b200_20mhz_10slots_ratio4_25up_75down_rep2,2
external_reference_evidence:reference_context:scenario_oai_b200_20mhz_10slots_ratio4_25up_75down_rep3:af0ff3434798,reference_context,external_reference_evidence,scenario=oai_b200_20mhz_10slots_ratio4_25up_75down_rep3,scenario,oai_b200_20mhz_10slots_ratio4_25up_75down_rep3,scenario,oai_b200_20mhz_10slots_ratio4_25up_75down_rep3,1
external_reference_evidence:reference_context:scenario_oai_b200_20mhz_10slots_ratio4_25up_75down_rep4:accd3cce24b2,reference_context,external_reference_evidence,scenario=oai_b200_20mhz_10slots_ratio4_25up_75down_rep4,scenario,oai_b200_20mhz_10slots_ratio4_25up_75down_rep4,scenario,oai_b200_20mhz_10slots_ratio4_25up_75down_rep4,1
external_reference_evidence:reference_context:scenario_oai_b200_20mhz_10slots_ratio4_25up_75down_rep5:4215626180f8,reference_context,external_reference_evidence,scenario=oai_b200_20mhz_10slots_ratio4_25up_75down_rep5,scenario,oai_b200_20mhz_10slots_ratio4_25up_75down_rep5,scenario,oai_b200_20mhz_10slots_ratio4_25up_75down_rep5,2
external_reference_evidence:reference_context:scenario_oai_b200_20mhz_20slots_ratio1_25up_75down_rep1:55b0b75b830a,reference_context,external_reference_evidence,scenario=oai_b200_20mhz_20slots_ratio1_25up_75down_rep1,scenario,oai_b200_20mhz_20slots_ratio1_25up_75down_rep1,scenario,oai_b200_20mhz_20slots_ratio1_25up_75down_rep1,1
external_reference_evidence:reference_context:scenario_oai_b200_20mhz_20slots_ratio1_25up_75down_rep2:0747eb0b52c7,reference_context,external_reference_evidence,scenario=oai_b200_20mhz_20slots_ratio1_25up_75down_rep2,scenario,oai_b200_20mhz_20slots_ratio1_25up_75down_rep2,scenario,oai_b200_20mhz_20slots_ratio1_25up_75down_rep2,1
external_reference_evidence:reference_context:scenario_oai_b200_20mhz_20slots_ratio1_25up_75down_rep3:5925792bad04,reference_context,external_reference_evidence,scenario=oai_b200_20mhz_20slots_ratio1_25up_75down_rep3,scenario,oai_b200_20mhz_20slots_ratio1_25up_75down_rep3,scenario,oai_b200_20mhz_20slots_ratio1_25up_75down_rep3,2
external_reference_evidence:reference_context:scenario_oai_b200_20mhz_20slots_ratio1_25up_75down_rep4:143ca7391793,reference_context,external_reference_evidence,scenario=oai_b200_20mhz_20slots_ratio1_25up_75down_rep4,scenario,oai_b200_20mhz_20slots_ratio1_25up_75down_rep4,scenario,oai_b200_20mhz_20slots_ratio1_25up_75down_rep4,2
external_reference_evidence:reference_context:scenario_oai_b200_20mhz_20slots_ratio1_25up_75down_rep5:c4f46a91cba2,reference_context,external_reference_evidence,scenario=oai_b200_20mhz_20slots_ratio1_25up_75down_rep5,scenario,oai_b200_20mhz_20slots_ratio1_25up_75down_rep5,scenario,oai_b200_20mhz_20slots_ratio1_25up_75down_rep5,2
external_reference_evidence:reference_context:scenario_oai_b200_20mhz_20slots_ratio2_25up_75down_rep1:42e14a1583be,reference_context,external_reference_evidence,scenario=oai_b200_20mhz_20slots_ratio2_25up_75down_rep1,scenario,oai_b200_20mhz_20slots_ratio2_25up_75down_rep1,scenario,oai_b200_20mhz_20slots_ratio2_25up_75down_rep1,2
external_reference_evidence:reference_context:scenario_oai_b200_20mhz_20slots_ratio2_25up_75down_rep2:c9d310289bad,reference_context,external_reference_evidence,scenario=oai_b200_20mhz_20slots_ratio2_25up_75down_rep2,scenario,oai_b200_20mhz_20slots_ratio2_25up_75down_rep2,scenario,oai_b200_20mhz_20slots_ratio2_25up_75down_rep2,2
external_reference_evidence:reference_context:scenario_oai_b200_20mhz_20slots_ratio2_25up_75down_rep3:ba8f5be4d03b,reference_context,external_reference_evidence,scenario=oai_b200_20mhz_20slots_ratio2_25up_75down_rep3,scenario,oai_b200_20mhz_20slots_ratio2_25up_75down_rep3,scenario,oai_b200_20mhz_20slots_ratio2_25up_75down_rep3,1
external_reference_evidence:reference_context:scenario_oai_b200_20mhz_20slots_ratio2_25up_75down_rep4:ad26b57dee40,reference_context,external_reference_evidence,scenario=oai_b200_20mhz_20slots_ratio2_25up_75down_rep4,scenario,oai_b200_20mhz_20slots_ratio2_25up_75down_rep4,scenario,oai_b200_20mhz_20slots_ratio2_25up_75down_rep4,2
external_reference_evidence:reference_context:scenario_oai_b200_20mhz_20slots_ratio2_25up_75down_rep5:4c96ac957101,reference_context,external_reference_evidence,scenario=oai_b200_20mhz_20slots_ratio2_25up_75down_rep5,scenario,oai_b200_20mhz_20slots_ratio2_25up_75down_rep5,scenario,oai_b200_20mhz_20slots_ratio2_25up_75down_rep5,2
external_reference_evidence:reference_context:scenario_oai_b200_20mhz_5slots_ratio1_25up_75down_rep1:b69e829ef6b7,reference_context,external_reference_evidence,scenario=oai_b200_20mhz_5slots_ratio1_25up_75down_rep1,scenario,oai_b200_20mhz_5slots_ratio1_25up_75down_rep1,scenario,oai_b200_20mhz_5slots_ratio1_25up_75down_rep1,2
external_reference_evidence:reference_context:scenario_oai_b200_20mhz_5slots_ratio1_25up_75down_rep2:43a9f7b258de,reference_context,external_reference_evidence,scenario=oai_b200_20mhz_5slots_ratio1_25up_75down_rep2,scenario,oai_b200_20mhz_5slots_ratio1_25up_75down_rep2,scenario,oai_b200_20mhz_5slots_ratio1_25up_75down_rep2,1
external_reference_evidence:reference_context:scenario_oai_b200_20mhz_5slots_ratio1_25up_75down_rep3:17e0e8531edf,reference_context,external_reference_evidence,scenario=oai_b200_20mhz_5slots_ratio1_25up_75down_rep3,scenario,oai_b200_20mhz_5slots_ratio1_25up_75down_rep3,scenario,oai_b200_20mhz_5slots_ratio1_25up_75down_rep3,2
external_reference_evidence:reference_context:scenario_oai_b200_20mhz_5slots_ratio1_25up_75down_rep4:43045290c6f5,reference_context,external_reference_evidence,scenario=oai_b200_20mhz_5slots_ratio1_25up_75down_rep4,scenario,oai_b200_20mhz_5slots_ratio1_25up_75down_rep4,scenario,oai_b200_20mhz_5slots_ratio1_25up_75down_rep4,2
external_reference_evidence:reference_context:scenario_oai_b200_20mhz_5slots_ratio1_25up_75down_rep5:c2fc34066292,reference_context,external_reference_evidence,scenario=oai_b200_20mhz_5slots_ratio1_25up_75down_rep5,scenario,oai_b200_20mhz_5slots_ratio1_25up_75down_rep5,scenario,oai_b200_20mhz_5slots_ratio1_25up_75down_rep5,2
external_reference_evidence:reference_context:scenario_oai_b200_20mhz_5slots_ratio2_25up_75down_rep1:b04d05fbe915,reference_context,external_reference_evidence,scenario=oai_b200_20mhz_5slots_ratio2_25up_75down_rep1,scenario,oai_b200_20mhz_5slots_ratio2_25up_75down_rep1,scenario,oai_b200_20mhz_5slots_ratio2_25up_75down_rep1,2
external_reference_evidence:reference_context:scenario_oai_b200_20mhz_5slots_ratio2_25up_75down_rep2:aec58f27f989,reference_context,external_reference_evidence,scenario=oai_b200_20mhz_5slots_ratio2_25up_75down_rep2,scenario,oai_b200_20mhz_5slots_ratio2_25up_75down_rep2,scenario,oai_b200_20mhz_5slots_ratio2_25up_75down_rep2,2
external_reference_evidence:reference_context:scenario_oai_b200_20mhz_5slots_ratio2_25up_75down_rep3:04f4986c95f2,reference_context,external_reference_evidence,scenario=oai_b200_20mhz_5slots_ratio2_25up_75down_rep3,scenario,oai_b200_20mhz_5slots_ratio2_25up_75down_rep3,scenario,oai_b200_20mhz_5slots_ratio2_25up_75down_rep3,1
external_reference_evidence:reference_context:scenario_oai_b200_20mhz_5slots_ratio2_25up_75down_rep4:bc08f045d0c9,reference_context,external_reference_evidence,scenario=oai_b200_20mhz_5slots_ratio2_25up_75down_rep4,scenario,oai_b200_20mhz_5slots_ratio2_25up_75down_rep4,scenario,oai_b200_20mhz_5slots_ratio2_25up_75down_rep4,2
external_reference_evidence:reference_context:scenario_oai_b200_20mhz_5slots_ratio2_25up_75down_rep5:156968f4de09,reference_context,external_reference_evidence,scenario=oai_b200_20mhz_5slots_ratio2_25up_75down_rep5,scenario,oai_b200_20mhz_5slots_ratio2_25up_75down_rep5,scenario,oai_b200_20mhz_5slots_ratio2_25up_75down_rep5,2
external_reference_evidence:reference_context:scenario_oai_b200_20mhz_5slots_ratio4_25up_75down_rep1:b910b8d94625,reference_context,external_reference_evidence,scenario=oai_b200_20mhz_5slots_ratio4_25up_75down_rep1,scenario,oai_b200_20mhz_5slots_ratio4_25up_75down_rep1,scenario,oai_b200_20mhz_5slots_ratio4_25up_75down_rep1,1
external_reference_evidence:reference_context:scenario_oai_b200_20mhz_5slots_ratio4_25up_75down_rep2:f8c47a8b27e8,reference_context,external_reference_evidence,scenario=oai_b200_20mhz_5slots_ratio4_25up_75down_rep2,scenario,oai_b200_20mhz_5slots_ratio4_25up_75down_rep2,scenario,oai_b200_20mhz_5slots_ratio4_25up_75down_rep2,2
external_reference_evidence:reference_context:scenario_oai_b200_20mhz_5slots_ratio4_25up_75down_rep3:1a339d41661f,reference_context,external_reference_evidence,scenario=oai_b200_20mhz_5slots_ratio4_25up_75down_rep3,scenario,oai_b200_20mhz_5slots_ratio4_25up_75down_rep3,scenario,oai_b200_20mhz_5slots_ratio4_25up_75down_rep3,2
external_reference_evidence:reference_context:scenario_oai_b200_20mhz_5slots_ratio4_25up_75down_rep4:a251d5d3fd49,reference_context,external_reference_evidence,scenario=oai_b200_20mhz_5slots_ratio4_25up_75down_rep4,scenario,oai_b200_20mhz_5slots_ratio4_25up_75down_rep4,scenario,oai_b200_20mhz_5slots_ratio4_25up_75down_rep4,1
external_reference_evidence:reference_context:scenario_oai_b200_20mhz_5slots_ratio4_25up_75down_rep5:824fdece825e,reference_context,external_reference_evidence,scenario=oai_b200_20mhz_5slots_ratio4_25up_75down_rep5,scenario,oai_b200_20mhz_5slots_ratio4_25up_75down_rep5,scenario,oai_b200_20mhz_5slots_ratio4_25up_75down_rep5,2
external_reference_evidence:reference_context:scenario_oai_b200_40mhz_10slots_ratio2_50up_150down_rep1:7cc9fa5ae503,reference_context,external_reference_evidence,scenario=oai_b200_40mhz_10slots_ratio2_50up_150down_rep1,scenario,oai_b200_40mhz_10slots_ratio2_50up_150down_rep1,scenario,oai_b200_40mhz_10slots_ratio2_50up_150down_rep1,2
external_reference_evidence:reference_context:scenario_oai_b200_40mhz_10slots_ratio2_50up_150down_rep2:799ffc201172,reference_context,external_reference_evidence,scenario=oai_b200_40mhz_10slots_ratio2_50up_150down_rep2,scenario,oai_b200_40mhz_10slots_ratio2_50up_150down_rep2,scenario,oai_b200_40mhz_10slots_ratio2_50up_150down_rep2,2
external_reference_evidence:reference_context:scenario_oai_b200_40mhz_10slots_ratio2_50up_150down_rep3:d7b5147aaf37,reference_context,external_reference_evidence,scenario=oai_b200_40mhz_10slots_ratio2_50up_150down_rep3,scenario,oai_b200_40mhz_10slots_ratio2_50up_150down_rep3,scenario,oai_b200_40mhz_10slots_ratio2_50up_150down_rep3,2
external_reference_evidence:reference_context:scenario_oai_b200_40mhz_10slots_ratio2_50up_150down_rep4:659f660a420d,reference_context,external_reference_evidence,scenario=oai_b200_40mhz_10slots_ratio2_50up_150down_rep4,scenario,oai_b200_40mhz_10slots_ratio2_50up_150down_rep4,scenario,oai_b200_40mhz_10slots_ratio2_50up_150down_rep4,1
external_reference_evidence:reference_context:scenario_oai_b200_40mhz_10slots_ratio2_50up_150down_rep5:b02bd65fe093,reference_context,external_reference_evidence,scenario=oai_b200_40mhz_10slots_ratio2_50up_150down_rep5,scenario,oai_b200_40mhz_10slots_ratio2_50up_150down_rep5,scenario,oai_b200_40mhz_10slots_ratio2_50up_150down_rep5,2
external_reference_evidence:reference_context:scenario_oai_b200_40mhz_10slots_ratio4_50up_150down_rep1:296843547335,reference_context,external_reference_evidence,scenario=oai_b200_40mhz_10slots_ratio4_50up_150down_rep1,scenario,oai_b200_40mhz_10slots_ratio4_50up_150down_rep1,scenario,oai_b200_40mhz_10slots_ratio4_50up_150down_rep1,2
external_reference_evidence:reference_context:scenario_oai_b200_40mhz_10slots_ratio4_50up_150down_rep2:3bf229af9329,reference_context,external_reference_evidence,scenario=oai_b200_40mhz_10slots_ratio4_50up_150down_rep2,scenario,oai_b200_40mhz_10slots_ratio4_50up_150down_rep2,scenario,oai_b200_40mhz_10slots_ratio4_50up_150down_rep2,2
external_reference_evidence:reference_context:scenario_oai_b200_40mhz_10slots_ratio4_50up_150down_rep3:84d058d0502d,reference_context,external_reference_evidence,scenario=oai_b200_40mhz_10slots_ratio4_50up_150down_rep3,scenario,oai_b200_40mhz_10slots_ratio4_50up_150down_rep3,scenario,oai_b200_40mhz_10slots_ratio4_50up_150down_rep3,2
external_reference_evidence:reference_context:scenario_oai_b200_40mhz_10slots_ratio4_50up_150down_rep4:c02673c98813,reference_context,external_reference_evidence,scenario=oai_b200_40mhz_10slots_ratio4_50up_150down_rep4,scenario,oai_b200_40mhz_10slots_ratio4_50up_150down_rep4,scenario,oai_b200_40mhz_10slots_ratio4_50up_150down_rep4,2
external_reference_evidence:reference_context:scenario_oai_b200_40mhz_10slots_ratio4_50up_150down_rep5:185f5d50cce1,reference_context,external_reference_evidence,scenario=oai_b200_40mhz_10slots_ratio4_50up_150down_rep5,scenario,oai_b200_40mhz_10slots_ratio4_50up_150down_rep5,scenario,oai_b200_40mhz_10slots_ratio4_50up_150down_rep5,1
external_reference_evidence:reference_context:scenario_oai_b200_40mhz_20slots_ratio1_50up_150down_rep1:92c9aa0f3d55,reference_context,external_reference_evidence,scenario=oai_b200_40mhz_20slots_ratio1_50up_150down_rep1,scenario,oai_b200_40mhz_20slots_ratio1_50up_150down_rep1,scenario,oai_b200_40mhz_20slots_ratio1_50up_150down_rep1,2
external_reference_evidence:reference_context:scenario_oai_b200_40mhz_20slots_ratio1_50up_150down_rep2:2c7d9865d38d,reference_context,external_reference_evidence,scenario=oai_b200_40mhz_20slots_ratio1_50up_150down_rep2,scenario,oai_b200_40mhz_20slots_ratio1_50up_150down_rep2,scenario,oai_b200_40mhz_20slots_ratio1_50up_150down_rep2,2
external_reference_evidence:reference_context:scenario_oai_b200_40mhz_20slots_ratio1_50up_150down_rep3:3ce0d477c0ad,reference_context,external_reference_evidence,scenario=oai_b200_40mhz_20slots_ratio1_50up_150down_rep3,scenario,oai_b200_40mhz_20slots_ratio1_50up_150down_rep3,scenario,oai_b200_40mhz_20slots_ratio1_50up_150down_rep3,2
external_reference_evidence:reference_context:scenario_oai_b200_40mhz_20slots_ratio1_50up_150down_rep4:fbf7c6351894,reference_context,external_reference_evidence,scenario=oai_b200_40mhz_20slots_ratio1_50up_150down_rep4,scenario,oai_b200_40mhz_20slots_ratio1_50up_150down_rep4,scenario,oai_b200_40mhz_20slots_ratio1_50up_150down_rep4,2
external_reference_evidence:reference_context:scenario_oai_b200_40mhz_20slots_ratio1_50up_150down_rep5:9c8a850d8950,reference_context,external_reference_evidence,scenario=oai_b200_40mhz_20slots_ratio1_50up_150down_rep5,scenario,oai_b200_40mhz_20slots_ratio1_50up_150down_rep5,scenario,oai_b200_40mhz_20slots_ratio1_50up_150down_rep5,1
external_reference_evidence:reference_context:scenario_oai_b200_40mhz_20slots_ratio2_50up_150down_rep1:bfe8c44a0b7e,reference_context,external_reference_evidence,scenario=oai_b200_40mhz_20slots_ratio2_50up_150down_rep1,scenario,oai_b200_40mhz_20slots_ratio2_50up_150down_rep1,scenario,oai_b200_40mhz_20slots_ratio2_50up_150down_rep1,2
external_reference_evidence:reference_context:scenario_oai_b200_40mhz_20slots_ratio2_50up_150down_rep2:e0cca24dd028,reference_context,external_reference_evidence,scenario=oai_b200_40mhz_20slots_ratio2_50up_150down_rep2,scenario,oai_b200_40mhz_20slots_ratio2_50up_150down_rep2,scenario,oai_b200_40mhz_20slots_ratio2_50up_150down_rep2,2
external_reference_evidence:reference_context:scenario_oai_b200_40mhz_20slots_ratio2_50up_150down_rep3:0e3189f3a49c,reference_context,external_reference_evidence,scenario=oai_b200_40mhz_20slots_ratio2_50up_150down_rep3,scenario,oai_b200_40mhz_20slots_ratio2_50up_150down_rep3,scenario,oai_b200_40mhz_20slots_ratio2_50up_150down_rep3,2
external_reference_evidence:reference_context:scenario_oai_b200_40mhz_20slots_ratio2_50up_150down_rep4:f262662c08f5,reference_context,external_reference_evidence,scenario=oai_b200_40mhz_20slots_ratio2_50up_150down_rep4,scenario,oai_b200_40mhz_20slots_ratio2_50up_150down_rep4,scenario,oai_b200_40mhz_20slots_ratio2_50up_150down_rep4,2
external_reference_evidence:reference_context:scenario_oai_b200_40mhz_20slots_ratio2_50up_150down_rep5:48f6d3941881,reference_context,external_reference_evidence,scenario=oai_b200_40mhz_20slots_ratio2_50up_150down_rep5,scenario,oai_b200_40mhz_20slots_ratio2_50up_150down_rep5,scenario,oai_b200_40mhz_20slots_ratio2_50up_150down_rep5,2
external_reference_evidence:reference_context:scenario_oai_b200_40mhz_5slots_ratio1_50up_150down_rep1:9e62f17c3e7e,reference_context,external_reference_evidence,scenario=oai_b200_40mhz_5slots_ratio1_50up_150down_rep1,scenario,oai_b200_40mhz_5slots_ratio1_50up_150down_rep1,scenario,oai_b200_40mhz_5slots_ratio1_50up_150down_rep1,2
external_reference_evidence:reference_context:scenario_oai_b200_40mhz_5slots_ratio1_50up_150down_rep2:fb4ec4df5bde,reference_context,external_reference_evidence,scenario=oai_b200_40mhz_5slots_ratio1_50up_150down_rep2,scenario,oai_b200_40mhz_5slots_ratio1_50up_150down_rep2,scenario,oai_b200_40mhz_5slots_ratio1_50up_150down_rep2,2
external_reference_evidence:reference_context:scenario_oai_b200_40mhz_5slots_ratio1_50up_150down_rep3:6dc4fd78f581,reference_context,external_reference_evidence,scenario=oai_b200_40mhz_5slots_ratio1_50up_150down_rep3,scenario,oai_b200_40mhz_5slots_ratio1_50up_150down_rep3,scenario,oai_b200_40mhz_5slots_ratio1_50up_150down_rep3,1
external_reference_evidence:reference_context:scenario_oai_b200_40mhz_5slots_ratio1_50up_150down_rep4:7ce83ccbfb48,reference_context,external_reference_evidence,scenario=oai_b200_40mhz_5slots_ratio1_50up_150down_rep4,scenario,oai_b200_40mhz_5slots_ratio1_50up_150down_rep4,scenario,oai_b200_40mhz_5slots_ratio1_50up_150down_rep4,1
external_reference_evidence:reference_context:scenario_oai_b200_40mhz_5slots_ratio1_50up_150down_rep5:7c17f112580a,reference_context,external_reference_evidence,scenario=oai_b200_40mhz_5slots_ratio1_50up_150down_rep5,scenario,oai_b200_40mhz_5slots_ratio1_50up_150down_rep5,scenario,oai_b200_40mhz_5slots_ratio1_50up_150down_rep5,2
external_reference_evidence:reference_context:scenario_oai_b200_40mhz_5slots_ratio2_50up_150down_rep1:a7ced575304b,reference_context,external_reference_evidence,scenario=oai_b200_40mhz_5slots_ratio2_50up_150down_rep1,scenario,oai_b200_40mhz_5slots_ratio2_50up_150down_rep1,scenario,oai_b200_40mhz_5slots_ratio2_50up_150down_rep1,2
external_reference_evidence:reference_context:scenario_oai_b200_40mhz_5slots_ratio2_50up_150down_rep2:f6d85e8f05e1,reference_context,external_reference_evidence,scenario=oai_b200_40mhz_5slots_ratio2_50up_150down_rep2,scenario,oai_b200_40mhz_5slots_ratio2_50up_150down_rep2,scenario,oai_b200_40mhz_5slots_ratio2_50up_150down_rep2,2
external_reference_evidence:reference_context:scenario_oai_b200_40mhz_5slots_ratio2_50up_150down_rep3:9380b31689cc,reference_context,external_reference_evidence,scenario=oai_b200_40mhz_5slots_ratio2_50up_150down_rep3,scenario,oai_b200_40mhz_5slots_ratio2_50up_150down_rep3,scenario,oai_b200_40mhz_5slots_ratio2_50up_150down_rep3,2
external_reference_evidence:reference_context:scenario_oai_b200_40mhz_5slots_ratio2_50up_150down_rep4:803c728fe29b,reference_context,external_reference_evidence,scenario=oai_b200_40mhz_5slots_ratio2_50up_150down_rep4,scenario,oai_b200_40mhz_5slots_ratio2_50up_150down_rep4,scenario,oai_b200_40mhz_5slots_ratio2_50up_150down_rep4,1
external_reference_evidence:reference_context:scenario_oai_b200_40mhz_5slots_ratio2_50up_150down_rep5:5050ed73cd80,reference_context,external_reference_evidence,scenario=oai_b200_40mhz_5slots_ratio2_50up_150down_rep5,scenario,oai_b200_40mhz_5slots_ratio2_50up_150down_rep5,scenario,oai_b200_40mhz_5slots_ratio2_50up_150down_rep5,2
external_reference_evidence:reference_context:scenario_oai_b200_40mhz_5slots_ratio4_50up_150down_rep1:f40f94f4712f,reference_context,external_reference_evidence,scenario=oai_b200_40mhz_5slots_ratio4_50up_150down_rep1,scenario,oai_b200_40mhz_5slots_ratio4_50up_150down_rep1,scenario,oai_b200_40mhz_5slots_ratio4_50up_150down_rep1,2
external_reference_evidence:reference_context:scenario_oai_b200_40mhz_5slots_ratio4_50up_150down_rep2:cbbade014802,reference_context,external_reference_evidence,scenario=oai_b200_40mhz_5slots_ratio4_50up_150down_rep2,scenario,oai_b200_40mhz_5slots_ratio4_50up_150down_rep2,scenario,oai_b200_40mhz_5slots_ratio4_50up_150down_rep2,2
external_reference_evidence:reference_context:scenario_oai_b200_40mhz_5slots_ratio4_50up_150down_rep3:7aa2a000d77a,reference_context,external_reference_evidence,scenario=oai_b200_40mhz_5slots_ratio4_50up_150down_rep3,scenario,oai_b200_40mhz_5slots_ratio4_50up_150down_rep3,scenario,oai_b200_40mhz_5slots_ratio4_50up_150down_rep3,2
external_reference_evidence:reference_context:scenario_oai_b200_40mhz_5slots_ratio4_50up_150down_rep4:fe252efa992c,reference_context,external_reference_evidence,scenario=oai_b200_40mhz_5slots_ratio4_50up_150down_rep4,scenario,oai_b200_40mhz_5slots_ratio4_50up_150down_rep4,scenario,oai_b200_40mhz_5slots_ratio4_50up_150down_rep4,2
external_reference_evidence:reference_context:scenario_oai_b200_40mhz_5slots_ratio4_50up_150down_rep5:25e5d7195b56,reference_context,external_reference_evidence,scenario=oai_b200_40mhz_5slots_ratio4_50up_150down_rep5,scenario,oai_b200_40mhz_5slots_ratio4_50up_150down_rep5,scenario,oai_b200_40mhz_5slots_ratio4_50up_150down_rep5,2
external_reference_evidence:reference_context:scenario_saturation_load_ofdma_seed_1:6538dcff7ac7,reference_context,external_reference_evidence,scenario=saturation_load_ofdma_seed_1,scenario,saturation_load_ofdma_seed_1,scenario,saturation_load_ofdma_seed_1,1
external_reference_evidence:reference_context:scenario_saturation_load_ofdma_seed_2:211533f20ba8,reference_context,external_reference_evidence,scenario=saturation_load_ofdma_seed_2,scenario,saturation_load_ofdma_seed_2,scenario,saturation_load_ofdma_seed_2,1
external_reference_evidence:reference_context:scenario_saturation_load_ofdma_seed_3:afd2aff654ed,reference_context,external_reference_evidence,scenario=saturation_load_ofdma_seed_3,scenario,saturation_load_ofdma_seed_3,scenario,saturation_load_ofdma_seed_3,1
external_reference_evidence:reference_context:scenario_saturation_load_tdma_seed_1:65667cc26e71,reference_context,external_reference_evidence,scenario=saturation_load_tdma_seed_1,scenario,saturation_load_tdma_seed_1,scenario,saturation_load_tdma_seed_1,1
external_reference_evidence:reference_context:scenario_saturation_load_tdma_seed_2:6a5c478c54c6,reference_context,external_reference_evidence,scenario=saturation_load_tdma_seed_2,scenario,saturation_load_tdma_seed_2,scenario,saturation_load_tdma_seed_2,1
external_reference_evidence:reference_context:scenario_saturation_load_tdma_seed_3:72e84e3dba79,reference_context,external_reference_evidence,scenario=saturation_load_tdma_seed_3,scenario,saturation_load_tdma_seed_3,scenario,saturation_load_tdma_seed_3,1
external_reference_evidence:reference_context:scenario_srs_b200_20mhz_10slots_ratio1_25up_75down_rep1:a23576fd01fc,reference_context,external_reference_evidence,scenario=srs_b200_20mhz_10slots_ratio1_25up_75down_rep1,scenario,srs_b200_20mhz_10slots_ratio1_25up_75down_rep1,scenario,srs_b200_20mhz_10slots_ratio1_25up_75down_rep1,2
external_reference_evidence:reference_context:scenario_srs_b200_20mhz_10slots_ratio1_25up_75down_rep2:f042f7ddfc85,reference_context,external_reference_evidence,scenario=srs_b200_20mhz_10slots_ratio1_25up_75down_rep2,scenario,srs_b200_20mhz_10slots_ratio1_25up_75down_rep2,scenario,srs_b200_20mhz_10slots_ratio1_25up_75down_rep2,2
external_reference_evidence:reference_context:scenario_srs_b200_20mhz_10slots_ratio1_25up_75down_rep3:b7c66be06ca4,reference_context,external_reference_evidence,scenario=srs_b200_20mhz_10slots_ratio1_25up_75down_rep3,scenario,srs_b200_20mhz_10slots_ratio1_25up_75down_rep3,scenario,srs_b200_20mhz_10slots_ratio1_25up_75down_rep3,2
external_reference_evidence:reference_context:scenario_srs_b200_20mhz_10slots_ratio1_25up_75down_rep4:25eef53c10d6,reference_context,external_reference_evidence,scenario=srs_b200_20mhz_10slots_ratio1_25up_75down_rep4,scenario,srs_b200_20mhz_10slots_ratio1_25up_75down_rep4,scenario,srs_b200_20mhz_10slots_ratio1_25up_75down_rep4,2
external_reference_evidence:reference_context:scenario_srs_b200_20mhz_10slots_ratio1_25up_75down_rep5:5d4869588b58,reference_context,external_reference_evidence,scenario=srs_b200_20mhz_10slots_ratio1_25up_75down_rep5,scenario,srs_b200_20mhz_10slots_ratio1_25up_75down_rep5,scenario,srs_b200_20mhz_10slots_ratio1_25up_75down_rep5,2
external_reference_evidence:reference_context:scenario_srs_b200_20mhz_10slots_ratio2_25up_75down_rep1:4cf3092a27e9,reference_context,external_reference_evidence,scenario=srs_b200_20mhz_10slots_ratio2_25up_75down_rep1,scenario,srs_b200_20mhz_10slots_ratio2_25up_75down_rep1,scenario,srs_b200_20mhz_10slots_ratio2_25up_75down_rep1,2
external_reference_evidence:reference_context:scenario_srs_b200_20mhz_10slots_ratio2_25up_75down_rep2:175758342274,reference_context,external_reference_evidence,scenario=srs_b200_20mhz_10slots_ratio2_25up_75down_rep2,scenario,srs_b200_20mhz_10slots_ratio2_25up_75down_rep2,scenario,srs_b200_20mhz_10slots_ratio2_25up_75down_rep2,2
external_reference_evidence:reference_context:scenario_srs_b200_20mhz_10slots_ratio2_25up_75down_rep3:444ec5ff6991,reference_context,external_reference_evidence,scenario=srs_b200_20mhz_10slots_ratio2_25up_75down_rep3,scenario,srs_b200_20mhz_10slots_ratio2_25up_75down_rep3,scenario,srs_b200_20mhz_10slots_ratio2_25up_75down_rep3,2
external_reference_evidence:reference_context:scenario_srs_b200_20mhz_10slots_ratio2_25up_75down_rep4:f947c4223ce8,reference_context,external_reference_evidence,scenario=srs_b200_20mhz_10slots_ratio2_25up_75down_rep4,scenario,srs_b200_20mhz_10slots_ratio2_25up_75down_rep4,scenario,srs_b200_20mhz_10slots_ratio2_25up_75down_rep4,2
external_reference_evidence:reference_context:scenario_srs_b200_20mhz_10slots_ratio2_25up_75down_rep5:aef22e604af8,reference_context,external_reference_evidence,scenario=srs_b200_20mhz_10slots_ratio2_25up_75down_rep5,scenario,srs_b200_20mhz_10slots_ratio2_25up_75down_rep5,scenario,srs_b200_20mhz_10slots_ratio2_25up_75down_rep5,2
external_reference_evidence:reference_context:scenario_srs_b200_20mhz_10slots_ratio4_25up_75down_rep1:9d9d49dc1f75,reference_context,external_reference_evidence,scenario=srs_b200_20mhz_10slots_ratio4_25up_75down_rep1,scenario,srs_b200_20mhz_10slots_ratio4_25up_75down_rep1,scenario,srs_b200_20mhz_10slots_ratio4_25up_75down_rep1,2
external_reference_evidence:reference_context:scenario_srs_b200_20mhz_10slots_ratio4_25up_75down_rep2:2e2961476c00,reference_context,external_reference_evidence,scenario=srs_b200_20mhz_10slots_ratio4_25up_75down_rep2,scenario,srs_b200_20mhz_10slots_ratio4_25up_75down_rep2,scenario,srs_b200_20mhz_10slots_ratio4_25up_75down_rep2,2
external_reference_evidence:reference_context:scenario_srs_b200_20mhz_10slots_ratio4_25up_75down_rep3:a8771155beda,reference_context,external_reference_evidence,scenario=srs_b200_20mhz_10slots_ratio4_25up_75down_rep3,scenario,srs_b200_20mhz_10slots_ratio4_25up_75down_rep3,scenario,srs_b200_20mhz_10slots_ratio4_25up_75down_rep3,2
external_reference_evidence:reference_context:scenario_srs_b200_20mhz_10slots_ratio4_25up_75down_rep4:c29f6193a0c6,reference_context,external_reference_evidence,scenario=srs_b200_20mhz_10slots_ratio4_25up_75down_rep4,scenario,srs_b200_20mhz_10slots_ratio4_25up_75down_rep4,scenario,srs_b200_20mhz_10slots_ratio4_25up_75down_rep4,2
external_reference_evidence:reference_context:scenario_srs_b200_20mhz_10slots_ratio4_25up_75down_rep5:7e798da818cc,reference_context,external_reference_evidence,scenario=srs_b200_20mhz_10slots_ratio4_25up_75down_rep5,scenario,srs_b200_20mhz_10slots_ratio4_25up_75down_rep5,scenario,srs_b200_20mhz_10slots_ratio4_25up_75down_rep5,2
external_reference_evidence:reference_context:scenario_srs_b200_20mhz_20slots_ratio1_25up_75down_rep1:4c7372b4a18b,reference_context,external_reference_evidence,scenario=srs_b200_20mhz_20slots_ratio1_25up_75down_rep1,scenario,srs_b200_20mhz_20slots_ratio1_25up_75down_rep1,scenario,srs_b200_20mhz_20slots_ratio1_25up_75down_rep1,2
external_reference_evidence:reference_context:scenario_srs_b200_20mhz_20slots_ratio1_25up_75down_rep2:bd6c66b9b63e,reference_context,external_reference_evidence,scenario=srs_b200_20mhz_20slots_ratio1_25up_75down_rep2,scenario,srs_b200_20mhz_20slots_ratio1_25up_75down_rep2,scenario,srs_b200_20mhz_20slots_ratio1_25up_75down_rep2,2
external_reference_evidence:reference_context:scenario_srs_b200_20mhz_20slots_ratio1_25up_75down_rep3:e2482e6b6fcf,reference_context,external_reference_evidence,scenario=srs_b200_20mhz_20slots_ratio1_25up_75down_rep3,scenario,srs_b200_20mhz_20slots_ratio1_25up_75down_rep3,scenario,srs_b200_20mhz_20slots_ratio1_25up_75down_rep3,2
external_reference_evidence:reference_context:scenario_srs_b200_20mhz_20slots_ratio1_25up_75down_rep4:724c2f6c19f4,reference_context,external_reference_evidence,scenario=srs_b200_20mhz_20slots_ratio1_25up_75down_rep4,scenario,srs_b200_20mhz_20slots_ratio1_25up_75down_rep4,scenario,srs_b200_20mhz_20slots_ratio1_25up_75down_rep4,2
external_reference_evidence:reference_context:scenario_srs_b200_20mhz_20slots_ratio1_25up_75down_rep5:d684a31d4dca,reference_context,external_reference_evidence,scenario=srs_b200_20mhz_20slots_ratio1_25up_75down_rep5,scenario,srs_b200_20mhz_20slots_ratio1_25up_75down_rep5,scenario,srs_b200_20mhz_20slots_ratio1_25up_75down_rep5,2
external_reference_evidence:reference_context:scenario_srs_b200_20mhz_20slots_ratio2_25up_75down_rep1:855b5ea0f2f0,reference_context,external_reference_evidence,scenario=srs_b200_20mhz_20slots_ratio2_25up_75down_rep1,scenario,srs_b200_20mhz_20slots_ratio2_25up_75down_rep1,scenario,srs_b200_20mhz_20slots_ratio2_25up_75down_rep1,2
external_reference_evidence:reference_context:scenario_srs_b200_20mhz_20slots_ratio2_25up_75down_rep2:7ab5cad9050e,reference_context,external_reference_evidence,scenario=srs_b200_20mhz_20slots_ratio2_25up_75down_rep2,scenario,srs_b200_20mhz_20slots_ratio2_25up_75down_rep2,scenario,srs_b200_20mhz_20slots_ratio2_25up_75down_rep2,2
external_reference_evidence:reference_context:scenario_srs_b200_20mhz_20slots_ratio2_25up_75down_rep3:e7b29df6d7b3,reference_context,external_reference_evidence,scenario=srs_b200_20mhz_20slots_ratio2_25up_75down_rep3,scenario,srs_b200_20mhz_20slots_ratio2_25up_75down_rep3,scenario,srs_b200_20mhz_20slots_ratio2_25up_75down_rep3,2
external_reference_evidence:reference_context:scenario_srs_b200_20mhz_20slots_ratio2_25up_75down_rep4:39ae63db4aa5,reference_context,external_reference_evidence,scenario=srs_b200_20mhz_20slots_ratio2_25up_75down_rep4,scenario,srs_b200_20mhz_20slots_ratio2_25up_75down_rep4,scenario,srs_b200_20mhz_20slots_ratio2_25up_75down_rep4,2
external_reference_evidence:reference_context:scenario_srs_b200_20mhz_20slots_ratio2_25up_75down_rep5:e70f40ebf009,reference_context,external_reference_evidence,scenario=srs_b200_20mhz_20slots_ratio2_25up_75down_rep5,scenario,srs_b200_20mhz_20slots_ratio2_25up_75down_rep5,scenario,srs_b200_20mhz_20slots_ratio2_25up_75down_rep5,1
external_reference_evidence:reference_context:scenario_srs_b200_20mhz_20slots_ratio4_25up_75down_rep1:38a06377c8d9,reference_context,external_reference_evidence,scenario=srs_b200_20mhz_20slots_ratio4_25up_75down_rep1,scenario,srs_b200_20mhz_20slots_ratio4_25up_75down_rep1,scenario,srs_b200_20mhz_20slots_ratio4_25up_75down_rep1,2
external_reference_evidence:reference_context:scenario_srs_b200_20mhz_20slots_ratio4_25up_75down_rep2:a3cfee08a41a,reference_context,external_reference_evidence,scenario=srs_b200_20mhz_20slots_ratio4_25up_75down_rep2,scenario,srs_b200_20mhz_20slots_ratio4_25up_75down_rep2,scenario,srs_b200_20mhz_20slots_ratio4_25up_75down_rep2,2
external_reference_evidence:reference_context:scenario_srs_b200_20mhz_20slots_ratio4_25up_75down_rep3:737f61492059,reference_context,external_reference_evidence,scenario=srs_b200_20mhz_20slots_ratio4_25up_75down_rep3,scenario,srs_b200_20mhz_20slots_ratio4_25up_75down_rep3,scenario,srs_b200_20mhz_20slots_ratio4_25up_75down_rep3,2
external_reference_evidence:reference_context:scenario_srs_b200_20mhz_20slots_ratio4_25up_75down_rep4:9cb08ac70fc9,reference_context,external_reference_evidence,scenario=srs_b200_20mhz_20slots_ratio4_25up_75down_rep4,scenario,srs_b200_20mhz_20slots_ratio4_25up_75down_rep4,scenario,srs_b200_20mhz_20slots_ratio4_25up_75down_rep4,2
external_reference_evidence:reference_context:scenario_srs_b200_20mhz_20slots_ratio4_25up_75down_rep5:c1b4166f2ce2,reference_context,external_reference_evidence,scenario=srs_b200_20mhz_20slots_ratio4_25up_75down_rep5,scenario,srs_b200_20mhz_20slots_ratio4_25up_75down_rep5,scenario,srs_b200_20mhz_20slots_ratio4_25up_75down_rep5,2
external_reference_evidence:reference_context:scenario_srs_b200_20mhz_5slots_ratio1_25up_75down_rep1:888c1a7e5a29,reference_context,external_reference_evidence,scenario=srs_b200_20mhz_5slots_ratio1_25up_75down_rep1,scenario,srs_b200_20mhz_5slots_ratio1_25up_75down_rep1,scenario,srs_b200_20mhz_5slots_ratio1_25up_75down_rep1,2
external_reference_evidence:reference_context:scenario_srs_b200_20mhz_5slots_ratio1_25up_75down_rep2:40d0b7cf275a,reference_context,external_reference_evidence,scenario=srs_b200_20mhz_5slots_ratio1_25up_75down_rep2,scenario,srs_b200_20mhz_5slots_ratio1_25up_75down_rep2,scenario,srs_b200_20mhz_5slots_ratio1_25up_75down_rep2,2
external_reference_evidence:reference_context:scenario_srs_b200_20mhz_5slots_ratio1_25up_75down_rep3:9ff4e4a9656d,reference_context,external_reference_evidence,scenario=srs_b200_20mhz_5slots_ratio1_25up_75down_rep3,scenario,srs_b200_20mhz_5slots_ratio1_25up_75down_rep3,scenario,srs_b200_20mhz_5slots_ratio1_25up_75down_rep3,2
external_reference_evidence:reference_context:scenario_srs_b200_20mhz_5slots_ratio1_25up_75down_rep4:cd4dd7a35347,reference_context,external_reference_evidence,scenario=srs_b200_20mhz_5slots_ratio1_25up_75down_rep4,scenario,srs_b200_20mhz_5slots_ratio1_25up_75down_rep4,scenario,srs_b200_20mhz_5slots_ratio1_25up_75down_rep4,2
external_reference_evidence:reference_context:scenario_srs_b200_20mhz_5slots_ratio1_25up_75down_rep5:82c49d582bc2,reference_context,external_reference_evidence,scenario=srs_b200_20mhz_5slots_ratio1_25up_75down_rep5,scenario,srs_b200_20mhz_5slots_ratio1_25up_75down_rep5,scenario,srs_b200_20mhz_5slots_ratio1_25up_75down_rep5,2
external_reference_evidence:reference_context:scenario_srs_b200_20mhz_5slots_ratio2_25up_75down_rep1:407e3173d856,reference_context,external_reference_evidence,scenario=srs_b200_20mhz_5slots_ratio2_25up_75down_rep1,scenario,srs_b200_20mhz_5slots_ratio2_25up_75down_rep1,scenario,srs_b200_20mhz_5slots_ratio2_25up_75down_rep1,2
external_reference_evidence:reference_context:scenario_srs_b200_20mhz_5slots_ratio2_25up_75down_rep2:006487567f15,reference_context,external_reference_evidence,scenario=srs_b200_20mhz_5slots_ratio2_25up_75down_rep2,scenario,srs_b200_20mhz_5slots_ratio2_25up_75down_rep2,scenario,srs_b200_20mhz_5slots_ratio2_25up_75down_rep2,2
external_reference_evidence:reference_context:scenario_srs_b200_20mhz_5slots_ratio2_25up_75down_rep3:bd8be120e9c2,reference_context,external_reference_evidence,scenario=srs_b200_20mhz_5slots_ratio2_25up_75down_rep3,scenario,srs_b200_20mhz_5slots_ratio2_25up_75down_rep3,scenario,srs_b200_20mhz_5slots_ratio2_25up_75down_rep3,2
external_reference_evidence:reference_context:scenario_srs_b200_20mhz_5slots_ratio2_25up_75down_rep4:85201d183989,reference_context,external_reference_evidence,scenario=srs_b200_20mhz_5slots_ratio2_25up_75down_rep4,scenario,srs_b200_20mhz_5slots_ratio2_25up_75down_rep4,scenario,srs_b200_20mhz_5slots_ratio2_25up_75down_rep4,2
external_reference_evidence:reference_context:scenario_srs_b200_20mhz_5slots_ratio2_25up_75down_rep5:f3f8465c9c94,reference_context,external_reference_evidence,scenario=srs_b200_20mhz_5slots_ratio2_25up_75down_rep5,scenario,srs_b200_20mhz_5slots_ratio2_25up_75down_rep5,scenario,srs_b200_20mhz_5slots_ratio2_25up_75down_rep5,1
external_reference_evidence:reference_context:scenario_srs_b200_20mhz_5slots_ratio4_25up_75down_rep1:e249d1742ead,reference_context,external_reference_evidence,scenario=srs_b200_20mhz_5slots_ratio4_25up_75down_rep1,scenario,srs_b200_20mhz_5slots_ratio4_25up_75down_rep1,scenario,srs_b200_20mhz_5slots_ratio4_25up_75down_rep1,2
external_reference_evidence:reference_context:scenario_srs_b200_20mhz_5slots_ratio4_25up_75down_rep2:b86d4a8d30e0,reference_context,external_reference_evidence,scenario=srs_b200_20mhz_5slots_ratio4_25up_75down_rep2,scenario,srs_b200_20mhz_5slots_ratio4_25up_75down_rep2,scenario,srs_b200_20mhz_5slots_ratio4_25up_75down_rep2,2
external_reference_evidence:reference_context:scenario_srs_b200_20mhz_5slots_ratio4_25up_75down_rep3:8808b226deaa,reference_context,external_reference_evidence,scenario=srs_b200_20mhz_5slots_ratio4_25up_75down_rep3,scenario,srs_b200_20mhz_5slots_ratio4_25up_75down_rep3,scenario,srs_b200_20mhz_5slots_ratio4_25up_75down_rep3,2
external_reference_evidence:reference_context:scenario_srs_b200_20mhz_5slots_ratio4_25up_75down_rep4:b4076e2d3caa,reference_context,external_reference_evidence,scenario=srs_b200_20mhz_5slots_ratio4_25up_75down_rep4,scenario,srs_b200_20mhz_5slots_ratio4_25up_75down_rep4,scenario,srs_b200_20mhz_5slots_ratio4_25up_75down_rep4,2
external_reference_evidence:reference_context:scenario_srs_b200_20mhz_5slots_ratio4_25up_75down_rep5:3a58bc88a23a,reference_context,external_reference_evidence,scenario=srs_b200_20mhz_5slots_ratio4_25up_75down_rep5,scenario,srs_b200_20mhz_5slots_ratio4_25up_75down_rep5,scenario,srs_b200_20mhz_5slots_ratio4_25up_75down_rep5,2
external_reference_evidence:reference_context:scenario_srs_b200_40mhz_10slots_ratio1_50up_150down_rep1:5f1f0eeca140,reference_context,external_reference_evidence,scenario=srs_b200_40mhz_10slots_ratio1_50up_150down_rep1,scenario,srs_b200_40mhz_10slots_ratio1_50up_150down_rep1,scenario,srs_b200_40mhz_10slots_ratio1_50up_150down_rep1,2
external_reference_evidence:reference_context:scenario_srs_b200_40mhz_10slots_ratio1_50up_150down_rep2:4115845c1784,reference_context,external_reference_evidence,scenario=srs_b200_40mhz_10slots_ratio1_50up_150down_rep2,scenario,srs_b200_40mhz_10slots_ratio1_50up_150down_rep2,scenario,srs_b200_40mhz_10slots_ratio1_50up_150down_rep2,2
external_reference_evidence:reference_context:scenario_srs_b200_40mhz_10slots_ratio1_50up_150down_rep3:01a2ca57458b,reference_context,external_reference_evidence,scenario=srs_b200_40mhz_10slots_ratio1_50up_150down_rep3,scenario,srs_b200_40mhz_10slots_ratio1_50up_150down_rep3,scenario,srs_b200_40mhz_10slots_ratio1_50up_150down_rep3,2
external_reference_evidence:reference_context:scenario_srs_b200_40mhz_10slots_ratio1_50up_150down_rep4:68314813ffde,reference_context,external_reference_evidence,scenario=srs_b200_40mhz_10slots_ratio1_50up_150down_rep4,scenario,srs_b200_40mhz_10slots_ratio1_50up_150down_rep4,scenario,srs_b200_40mhz_10slots_ratio1_50up_150down_rep4,2
external_reference_evidence:reference_context:scenario_srs_b200_40mhz_10slots_ratio1_50up_150down_rep5:897d229d0695,reference_context,external_reference_evidence,scenario=srs_b200_40mhz_10slots_ratio1_50up_150down_rep5,scenario,srs_b200_40mhz_10slots_ratio1_50up_150down_rep5,scenario,srs_b200_40mhz_10slots_ratio1_50up_150down_rep5,2
external_reference_evidence:reference_context:scenario_srs_b200_40mhz_10slots_ratio2_50up_150down_rep1:f1757ad9a3ba,reference_context,external_reference_evidence,scenario=srs_b200_40mhz_10slots_ratio2_50up_150down_rep1,scenario,srs_b200_40mhz_10slots_ratio2_50up_150down_rep1,scenario,srs_b200_40mhz_10slots_ratio2_50up_150down_rep1,2
external_reference_evidence:reference_context:scenario_srs_b200_40mhz_10slots_ratio2_50up_150down_rep2:d805bd6c490e,reference_context,external_reference_evidence,scenario=srs_b200_40mhz_10slots_ratio2_50up_150down_rep2,scenario,srs_b200_40mhz_10slots_ratio2_50up_150down_rep2,scenario,srs_b200_40mhz_10slots_ratio2_50up_150down_rep2,2
external_reference_evidence:reference_context:scenario_srs_b200_40mhz_10slots_ratio2_50up_150down_rep3:3c20883eae5d,reference_context,external_reference_evidence,scenario=srs_b200_40mhz_10slots_ratio2_50up_150down_rep3,scenario,srs_b200_40mhz_10slots_ratio2_50up_150down_rep3,scenario,srs_b200_40mhz_10slots_ratio2_50up_150down_rep3,2
external_reference_evidence:reference_context:scenario_srs_b200_40mhz_10slots_ratio2_50up_150down_rep4:ffd1576a0f9f,reference_context,external_reference_evidence,scenario=srs_b200_40mhz_10slots_ratio2_50up_150down_rep4,scenario,srs_b200_40mhz_10slots_ratio2_50up_150down_rep4,scenario,srs_b200_40mhz_10slots_ratio2_50up_150down_rep4,2
external_reference_evidence:reference_context:scenario_srs_b200_40mhz_10slots_ratio2_50up_150down_rep5:943ed56d1680,reference_context,external_reference_evidence,scenario=srs_b200_40mhz_10slots_ratio2_50up_150down_rep5,scenario,srs_b200_40mhz_10slots_ratio2_50up_150down_rep5,scenario,srs_b200_40mhz_10slots_ratio2_50up_150down_rep5,2
external_reference_evidence:reference_context:scenario_srs_b200_40mhz_10slots_ratio4_50up_150down_rep1:65dcb4512206,reference_context,external_reference_evidence,scenario=srs_b200_40mhz_10slots_ratio4_50up_150down_rep1,scenario,srs_b200_40mhz_10slots_ratio4_50up_150down_rep1,scenario,srs_b200_40mhz_10slots_ratio4_50up_150down_rep1,2
external_reference_evidence:reference_context:scenario_srs_b200_40mhz_10slots_ratio4_50up_150down_rep2:e559967f1016,reference_context,external_reference_evidence,scenario=srs_b200_40mhz_10slots_ratio4_50up_150down_rep2,scenario,srs_b200_40mhz_10slots_ratio4_50up_150down_rep2,scenario,srs_b200_40mhz_10slots_ratio4_50up_150down_rep2,2
external_reference_evidence:reference_context:scenario_srs_b200_40mhz_10slots_ratio4_50up_150down_rep3:71515aba5ce4,reference_context,external_reference_evidence,scenario=srs_b200_40mhz_10slots_ratio4_50up_150down_rep3,scenario,srs_b200_40mhz_10slots_ratio4_50up_150down_rep3,scenario,srs_b200_40mhz_10slots_ratio4_50up_150down_rep3,2
external_reference_evidence:reference_context:scenario_srs_b200_40mhz_10slots_ratio4_50up_150down_rep4:b8e29600b22d,reference_context,external_reference_evidence,scenario=srs_b200_40mhz_10slots_ratio4_50up_150down_rep4,scenario,srs_b200_40mhz_10slots_ratio4_50up_150down_rep4,scenario,srs_b200_40mhz_10slots_ratio4_50up_150down_rep4,2
external_reference_evidence:reference_context:scenario_srs_b200_40mhz_10slots_ratio4_50up_150down_rep5:e0ecca97dbbd,reference_context,external_reference_evidence,scenario=srs_b200_40mhz_10slots_ratio4_50up_150down_rep5,scenario,srs_b200_40mhz_10slots_ratio4_50up_150down_rep5,scenario,srs_b200_40mhz_10slots_ratio4_50up_150down_rep5,2
external_reference_evidence:reference_context:scenario_srs_b200_40mhz_20slots_ratio1_50up_150down_rep1:9295961e5e44,reference_context,external_reference_evidence,scenario=srs_b200_40mhz_20slots_ratio1_50up_150down_rep1,scenario,srs_b200_40mhz_20slots_ratio1_50up_150down_rep1,scenario,srs_b200_40mhz_20slots_ratio1_50up_150down_rep1,2
external_reference_evidence:reference_context:scenario_srs_b200_40mhz_20slots_ratio1_50up_150down_rep2:a6556553b8c6,reference_context,external_reference_evidence,scenario=srs_b200_40mhz_20slots_ratio1_50up_150down_rep2,scenario,srs_b200_40mhz_20slots_ratio1_50up_150down_rep2,scenario,srs_b200_40mhz_20slots_ratio1_50up_150down_rep2,2
external_reference_evidence:reference_context:scenario_srs_b200_40mhz_20slots_ratio1_50up_150down_rep3:9c79c160bf8c,reference_context,external_reference_evidence,scenario=srs_b200_40mhz_20slots_ratio1_50up_150down_rep3,scenario,srs_b200_40mhz_20slots_ratio1_50up_150down_rep3,scenario,srs_b200_40mhz_20slots_ratio1_50up_150down_rep3,2
external_reference_evidence:reference_context:scenario_srs_b200_40mhz_20slots_ratio1_50up_150down_rep4:1b97db2b9a72,reference_context,external_reference_evidence,scenario=srs_b200_40mhz_20slots_ratio1_50up_150down_rep4,scenario,srs_b200_40mhz_20slots_ratio1_50up_150down_rep4,scenario,srs_b200_40mhz_20slots_ratio1_50up_150down_rep4,2
external_reference_evidence:reference_context:scenario_srs_b200_40mhz_20slots_ratio1_50up_150down_rep5:8cedf6d6ed35,reference_context,external_reference_evidence,scenario=srs_b200_40mhz_20slots_ratio1_50up_150down_rep5,scenario,srs_b200_40mhz_20slots_ratio1_50up_150down_rep5,scenario,srs_b200_40mhz_20slots_ratio1_50up_150down_rep5,2
external_reference_evidence:reference_context:scenario_srs_b200_40mhz_20slots_ratio2_50up_150down_rep1:901c29d3dcf8,reference_context,external_reference_evidence,scenario=srs_b200_40mhz_20slots_ratio2_50up_150down_rep1,scenario,srs_b200_40mhz_20slots_ratio2_50up_150down_rep1,scenario,srs_b200_40mhz_20slots_ratio2_50up_150down_rep1,2
external_reference_evidence:reference_context:scenario_srs_b200_40mhz_20slots_ratio2_50up_150down_rep2:4f2dfc4d371b,reference_context,external_reference_evidence,scenario=srs_b200_40mhz_20slots_ratio2_50up_150down_rep2,scenario,srs_b200_40mhz_20slots_ratio2_50up_150down_rep2,scenario,srs_b200_40mhz_20slots_ratio2_50up_150down_rep2,2
external_reference_evidence:reference_context:scenario_srs_b200_40mhz_20slots_ratio2_50up_150down_rep3:9334934f7939,reference_context,external_reference_evidence,scenario=srs_b200_40mhz_20slots_ratio2_50up_150down_rep3,scenario,srs_b200_40mhz_20slots_ratio2_50up_150down_rep3,scenario,srs_b200_40mhz_20slots_ratio2_50up_150down_rep3,2
external_reference_evidence:reference_context:scenario_srs_b200_40mhz_20slots_ratio2_50up_150down_rep4:79610fe7c555,reference_context,external_reference_evidence,scenario=srs_b200_40mhz_20slots_ratio2_50up_150down_rep4,scenario,srs_b200_40mhz_20slots_ratio2_50up_150down_rep4,scenario,srs_b200_40mhz_20slots_ratio2_50up_150down_rep4,2
external_reference_evidence:reference_context:scenario_srs_b200_40mhz_20slots_ratio2_50up_150down_rep5:c18826e6229f,reference_context,external_reference_evidence,scenario=srs_b200_40mhz_20slots_ratio2_50up_150down_rep5,scenario,srs_b200_40mhz_20slots_ratio2_50up_150down_rep5,scenario,srs_b200_40mhz_20slots_ratio2_50up_150down_rep5,2
external_reference_evidence:reference_context:scenario_srs_b200_40mhz_20slots_ratio4_50up_150down_rep1:0bdfedeb9aa0,reference_context,external_reference_evidence,scenario=srs_b200_40mhz_20slots_ratio4_50up_150down_rep1,scenario,srs_b200_40mhz_20slots_ratio4_50up_150down_rep1,scenario,srs_b200_40mhz_20slots_ratio4_50up_150down_rep1,2
external_reference_evidence:reference_context:scenario_srs_b200_40mhz_20slots_ratio4_50up_150down_rep2:16c226b897c0,reference_context,external_reference_evidence,scenario=srs_b200_40mhz_20slots_ratio4_50up_150down_rep2,scenario,srs_b200_40mhz_20slots_ratio4_50up_150down_rep2,scenario,srs_b200_40mhz_20slots_ratio4_50up_150down_rep2,2
external_reference_evidence:reference_context:scenario_srs_b200_40mhz_20slots_ratio4_50up_150down_rep3:a849f1c93d6a,reference_context,external_reference_evidence,scenario=srs_b200_40mhz_20slots_ratio4_50up_150down_rep3,scenario,srs_b200_40mhz_20slots_ratio4_50up_150down_rep3,scenario,srs_b200_40mhz_20slots_ratio4_50up_150down_rep3,2
external_reference_evidence:reference_context:scenario_srs_b200_40mhz_20slots_ratio4_50up_150down_rep4:1ad836999e44,reference_context,external_reference_evidence,scenario=srs_b200_40mhz_20slots_ratio4_50up_150down_rep4,scenario,srs_b200_40mhz_20slots_ratio4_50up_150down_rep4,scenario,srs_b200_40mhz_20slots_ratio4_50up_150down_rep4,2
external_reference_evidence:reference_context:scenario_srs_b200_40mhz_20slots_ratio4_50up_150down_rep5:324b66c77da6,reference_context,external_reference_evidence,scenario=srs_b200_40mhz_20slots_ratio4_50up_150down_rep5,scenario,srs_b200_40mhz_20slots_ratio4_50up_150down_rep5,scenario,srs_b200_40mhz_20slots_ratio4_50up_150down_rep5,2
external_reference_evidence:reference_context:scenario_srs_b200_40mhz_5slots_ratio1_50up_150down_rep1:a69b802e043f,reference_context,external_reference_evidence,scenario=srs_b200_40mhz_5slots_ratio1_50up_150down_rep1,scenario,srs_b200_40mhz_5slots_ratio1_50up_150down_rep1,scenario,srs_b200_40mhz_5slots_ratio1_50up_150down_rep1,2
external_reference_evidence:reference_context:scenario_srs_b200_40mhz_5slots_ratio1_50up_150down_rep2:54d9591a7030,reference_context,external_reference_evidence,scenario=srs_b200_40mhz_5slots_ratio1_50up_150down_rep2,scenario,srs_b200_40mhz_5slots_ratio1_50up_150down_rep2,scenario,srs_b200_40mhz_5slots_ratio1_50up_150down_rep2,2
external_reference_evidence:reference_context:scenario_srs_b200_40mhz_5slots_ratio1_50up_150down_rep3:186947d17e49,reference_context,external_reference_evidence,scenario=srs_b200_40mhz_5slots_ratio1_50up_150down_rep3,scenario,srs_b200_40mhz_5slots_ratio1_50up_150down_rep3,scenario,srs_b200_40mhz_5slots_ratio1_50up_150down_rep3,2
external_reference_evidence:reference_context:scenario_srs_b200_40mhz_5slots_ratio1_50up_150down_rep4:aabfc2f647c7,reference_context,external_reference_evidence,scenario=srs_b200_40mhz_5slots_ratio1_50up_150down_rep4,scenario,srs_b200_40mhz_5slots_ratio1_50up_150down_rep4,scenario,srs_b200_40mhz_5slots_ratio1_50up_150down_rep4,2
external_reference_evidence:reference_context:scenario_srs_b200_40mhz_5slots_ratio1_50up_150down_rep5:f3e7ba8aec85,reference_context,external_reference_evidence,scenario=srs_b200_40mhz_5slots_ratio1_50up_150down_rep5,scenario,srs_b200_40mhz_5slots_ratio1_50up_150down_rep5,scenario,srs_b200_40mhz_5slots_ratio1_50up_150down_rep5,1
external_reference_evidence:reference_context:scenario_srs_b200_40mhz_5slots_ratio2_50up_150down_rep1:577bb91653db,reference_context,external_reference_evidence,scenario=srs_b200_40mhz_5slots_ratio2_50up_150down_rep1,scenario,srs_b200_40mhz_5slots_ratio2_50up_150down_rep1,scenario,srs_b200_40mhz_5slots_ratio2_50up_150down_rep1,2
external_reference_evidence:reference_context:scenario_srs_b200_40mhz_5slots_ratio2_50up_150down_rep2:a311096b6445,reference_context,external_reference_evidence,scenario=srs_b200_40mhz_5slots_ratio2_50up_150down_rep2,scenario,srs_b200_40mhz_5slots_ratio2_50up_150down_rep2,scenario,srs_b200_40mhz_5slots_ratio2_50up_150down_rep2,2
external_reference_evidence:reference_context:scenario_srs_b200_40mhz_5slots_ratio2_50up_150down_rep3:b613241da016,reference_context,external_reference_evidence,scenario=srs_b200_40mhz_5slots_ratio2_50up_150down_rep3,scenario,srs_b200_40mhz_5slots_ratio2_50up_150down_rep3,scenario,srs_b200_40mhz_5slots_ratio2_50up_150down_rep3,2
external_reference_evidence:reference_context:scenario_srs_b200_40mhz_5slots_ratio2_50up_150down_rep4:7c2602117bbe,reference_context,external_reference_evidence,scenario=srs_b200_40mhz_5slots_ratio2_50up_150down_rep4,scenario,srs_b200_40mhz_5slots_ratio2_50up_150down_rep4,scenario,srs_b200_40mhz_5slots_ratio2_50up_150down_rep4,2
external_reference_evidence:reference_context:scenario_srs_b200_40mhz_5slots_ratio2_50up_150down_rep5:88f45c398846,reference_context,external_reference_evidence,scenario=srs_b200_40mhz_5slots_ratio2_50up_150down_rep5,scenario,srs_b200_40mhz_5slots_ratio2_50up_150down_rep5,scenario,srs_b200_40mhz_5slots_ratio2_50up_150down_rep5,2
external_reference_evidence:reference_context:scenario_srs_b200_40mhz_5slots_ratio4_50up_150down_rep1:20bb535abd8c,reference_context,external_reference_evidence,scenario=srs_b200_40mhz_5slots_ratio4_50up_150down_rep1,scenario,srs_b200_40mhz_5slots_ratio4_50up_150down_rep1,scenario,srs_b200_40mhz_5slots_ratio4_50up_150down_rep1,2
external_reference_evidence:reference_context:scenario_srs_b200_40mhz_5slots_ratio4_50up_150down_rep2:4b21ede951d3,reference_context,external_reference_evidence,scenario=srs_b200_40mhz_5slots_ratio4_50up_150down_rep2,scenario,srs_b200_40mhz_5slots_ratio4_50up_150down_rep2,scenario,srs_b200_40mhz_5slots_ratio4_50up_150down_rep2,2
external_reference_evidence:reference_context:scenario_srs_b200_40mhz_5slots_ratio4_50up_150down_rep3:318e125ba3ea,reference_context,external_reference_evidence,scenario=srs_b200_40mhz_5slots_ratio4_50up_150down_rep3,scenario,srs_b200_40mhz_5slots_ratio4_50up_150down_rep3,scenario,srs_b200_40mhz_5slots_ratio4_50up_150down_rep3,2
external_reference_evidence:reference_context:scenario_srs_b200_40mhz_5slots_ratio4_50up_150down_rep4:4b3bb3635a54,reference_context,external_reference_evidence,scenario=srs_b200_40mhz_5slots_ratio4_50up_150down_rep4,scenario,srs_b200_40mhz_5slots_ratio4_50up_150down_rep4,scenario,srs_b200_40mhz_5slots_ratio4_50up_150down_rep4,2
external_reference_evidence:reference_context:scenario_srs_b200_40mhz_5slots_ratio4_50up_150down_rep5:e6039757535e,reference_context,external_reference_evidence,scenario=srs_b200_40mhz_5slots_ratio4_50up_150down_rep5,scenario,srs_b200_40mhz_5slots_ratio4_50up_150down_rep5,scenario,srs_b200_40mhz_5slots_ratio4_50up_150down_rep5,2
external_reference_evidence:reference_context:technology_2g:d68129b07678,reference_context,external_reference_evidence,technology=2g,technology,2g,technology,2g,91
external_reference_evidence:reference_context:technology_3g:47cda6f5b5a8,reference_context,external_reference_evidence,technology=3g,technology,3g,technology,3g,16372
external_reference_evidence:reference_context:technology_5g:6acd031cdcc0,reference_context,external_reference_evidence,technology=5g,technology,5g,technology,5g,2318455
external_reference_evidence:reference_context:technology_lte:94765a3201a2,reference_context,external_reference_evidence,technology=lte,technology,lte,technology,lte,1748619
external_reference_evidence:reference_context:technology_unknown:b9b9b0829f1c,reference_context,external_reference_evidence,technology=unknown,technology,unknown,technology,unknown,633
