overall_rank,experiment_name,experiment_label,model_family,model,f1,balanced_accuracy,roc_auc,pr_auc,recall,precision,accuracy,split_design,preprocessing
1,full_context,Full operating-context feature set,Boosting,Hist Gradient Boosting,0.9804508278475963,0.9804063743684439,0.9976479985106937,0.9981452347311839,0.9788886675960964,0.9820179820179821,0.9804,Session-grouped 80/20 holdout,Median/mode imputation; numeric standard scaling; categorical one-hot encoding
2,full_context,Full operating-context feature set,Boosting,XGBoost,0.975024975024975,0.9750129992293064,0.996662701130048,0.9971861694012026,0.9719179446325433,0.9781519342553618,0.975,Session-grouped 80/20 holdout,Median/mode imputation; numeric standard scaling; categorical one-hot encoding
3,full_context,Full operating-context feature set,Tree,Decision Tree (Entropy),0.9630514888955284,0.9628997655518643,0.9939374930573776,0.9938799768476018,0.9629555865365466,0.9631474103585658,0.9629,Session-grouped 80/20 holdout,Median/mode imputation; numeric standard scaling; categorical one-hot encoding
4,full_context,Full operating-context feature set,Tree,Decision Tree (Gini),0.9581376760915177,0.9581131211154565,0.9931566592834697,0.993467408002935,0.9549890460067716,0.9613071371291099,0.9581,Session-grouped 80/20 holdout,Median/mode imputation; numeric standard scaling; categorical one-hot encoding
5,full_context,Full operating-context feature set,Linear,Logistic Regression,0.953824811732065,0.9533781775910527,0.9926651506132568,0.9931977507847081,0.9585739892451702,0.9491224610530468,0.9534,Session-grouped 80/20 holdout,Median/mode imputation; numeric standard scaling; categorical one-hot encoding
6,full_context,Full operating-context feature set,Ensemble tree,Random Forest,0.9482672024108488,0.9485356321685514,0.9904915922716877,0.9911332610453492,0.9400517825134436,0.9566274827725983,0.9485,Session-grouped 80/20 holdout,Median/mode imputation; numeric standard scaling; categorical one-hot encoding
7,full_context,Full operating-context feature set,Instance-based,KNN,0.859654263111632,0.8562147236277249,0.9303285709959923,0.9212782848643957,0.8765186217884884,0.8434266002299732,0.8563,Session-grouped 80/20 holdout,Median/mode imputation; numeric standard scaling; categorical one-hot encoding
8,full_context,Full operating-context feature set,Boosting,AdaBoost,0.855525313010343,0.8676576054801607,0.9529906907557849,0.9516022074351652,0.782513443537144,0.9435638808837656,0.8673,Session-grouped 80/20 holdout,Median/mode imputation; numeric standard scaling; categorical one-hot encoding
9,full_context,Full operating-context feature set,Probabilistic,Naive Bayes,0.8417796378855427,0.8256983453188114,0.9139829426591085,0.9081629912257443,0.9213304122684725,0.7748743718592965,0.8261,Session-grouped 80/20 holdout,Median/mode imputation; numeric standard scaling; categorical one-hot encoding
