dataset_id,dataset_name,role,priority,file_path,file_name,extension,size_bytes,is_supported_table,row_count,column_count,read_status,error_message
synnetqos,SynNetQoS dataset,main_warehouse_and_mining_dataset,mandatory,data/raw/synnetqos/synnetqos-dataset.csv,synnetqos-dataset.csv,.csv,23913799,True,50000.0,67.0,ok,
vienna_4g5g,Vienna 4G/5G Drive-Test Dataset,external_measurement_reference,high_external_value,data/raw/vienna_4g5g/Vienna-full-4G-5G-dataset-v1.0.3/.gitattributes,.gitattributes,,277,False,,,not_table,
vienna_4g5g,Vienna 4G/5G Drive-Test Dataset,external_measurement_reference,high_external_value,data/raw/vienna_4g5g/Vienna-full-4G-5G-dataset-v1.0.3/LICENSE,LICENSE,,900,False,,,not_table,
vienna_4g5g,Vienna 4G/5G Drive-Test Dataset,external_measurement_reference,high_external_value,data/raw/vienna_4g5g/Vienna-full-4G-5G-dataset-v1.0.3/README.md,README.md,.md,1638,False,,,not_table,
vienna_4g5g,Vienna 4G/5G Drive-Test Dataset,external_measurement_reference,high_external_value,data/raw/vienna_4g5g/Vienna-full-4G-5G-dataset-v1.0.3/estimated_cell_info/README.md,README.md,.md,3059,False,,,not_table,
vienna_4g5g,Vienna 4G/5G Drive-Test Dataset,external_measurement_reference,high_external_value,data/raw/vienna_4g5g/Vienna-full-4G-5G-dataset-v1.0.3/estimated_cell_info/cell_info_final_5g.parquet,cell_info_final_5g.parquet,.parquet,8123,True,35.0,10.0,ok,
vienna_4g5g,Vienna 4G/5G Drive-Test Dataset,external_measurement_reference,high_external_value,data/raw/vienna_4g5g/Vienna-full-4G-5G-dataset-v1.0.3/estimated_cell_info/cell_info_final_lte.parquet,cell_info_final_lte.parquet,.parquet,32068,True,1597.0,11.0,ok,
vienna_4g5g,Vienna 4G/5G Drive-Test Dataset,external_measurement_reference,high_external_value,data/raw/vienna_4g5g/Vienna-full-4G-5G-dataset-v1.0.3/phone/README.md,README.md,.md,2156,False,,,not_table,
vienna_4g5g,Vienna 4G/5G Drive-Test Dataset,external_measurement_reference,high_external_value,data/raw/vienna_4g5g/Vienna-full-4G-5G-dataset-v1.0.3/phone/phone_data_5g.parquet,phone_data_5g.parquet,.parquet,7711571,True,684218.0,20.0,ok,
vienna_4g5g,Vienna 4G/5G Drive-Test Dataset,external_measurement_reference,high_external_value,data/raw/vienna_4g5g/Vienna-full-4G-5G-dataset-v1.0.3/phone/phone_data_lte.parquet,phone_data_lte.parquet,.parquet,32071403,True,1183683.0,19.0,ok,
vienna_4g5g,Vienna 4G/5G Drive-Test Dataset,external_measurement_reference,high_external_value,data/raw/vienna_4g5g/Vienna-full-4G-5G-dataset-v1.0.3/scanner/.gitkeep,.gitkeep,,0,False,,,not_table,
vienna_4g5g,Vienna 4G/5G Drive-Test Dataset,external_measurement_reference,high_external_value,data/raw/vienna_4g5g/Vienna-full-4G-5G-dataset-v1.0.3/scanner/README.md,README.md,.md,2565,False,,,not_table,
vienna_4g5g,Vienna 4G/5G Drive-Test Dataset,external_measurement_reference,high_external_value,data/raw/vienna_4g5g/Vienna-full-4G-5G-dataset-v1.0.3/scanner/scanner_data_5g.parquet,scanner_data_5g.parquet,.parquet,15778256,True,1497520.0,18.0,ok,
vienna_4g5g,Vienna 4G/5G Drive-Test Dataset,external_measurement_reference,high_external_value,data/raw/vienna_4g5g/Vienna-full-4G-5G-dataset-v1.0.3/scanner/scanner_data_lte.parquet,scanner_data_lte.parquet,.parquet,10942065,True,529724.0,15.0,ok,
campus_qos,5G Campus Network QoS Dataset,external_measurement_reference,medium_external_value,data/raw/campus_qos/README.txt,README.txt,.txt,2770,False,,,not_table,
campus_qos,5G Campus Network QoS Dataset,external_measurement_reference,medium_external_value,data/raw/campus_qos/ntnu_tput_all_Throughput.csv,ntnu_tput_all_Throughput.csv,.csv,26971,True,142.0,16.0,ok,
campus_qos,5G Campus Network QoS Dataset,external_measurement_reference,medium_external_value,data/raw/campus_qos/wue_tput_all_Throughput.csv,wue_tput_all_Throughput.csv,.csv,29260,True,160.0,16.0,ok,
ucc_5g_context,UCC Beyond Throughput 5G dataset,external_measurement_reference,high_external_value,data/raw/ucc_5g_context/5G-production-dataset/Amazon_Prime/Driving/Season3-TheExpanse/B_2019.12.01_12.11.21.csv,B_2019.12.01_12.11.21.csv,.csv,84076,True,673.0,26.0,ok,
ucc_5g_context,UCC Beyond Throughput 5G dataset,external_measurement_reference,high_external_value,data/raw/ucc_5g_context/5G-production-dataset/Amazon_Prime/Driving/Season3-TheExpanse/B_2019.12.01_13.05.00.csv,B_2019.12.01_13.05.00.csv,.csv,114987,True,919.0,26.0,ok,
ucc_5g_context,UCC Beyond Throughput 5G dataset,external_measurement_reference,high_external_value,data/raw/ucc_5g_context/5G-production-dataset/Amazon_Prime/Driving/Season3-TheExpanse/B_2019.12.02_07.26.15.csv,B_2019.12.02_07.26.15.csv,.csv,232559,True,1904.0,26.0,ok,
ucc_5g_context,UCC Beyond Throughput 5G dataset,external_measurement_reference,high_external_value,data/raw/ucc_5g_context/5G-production-dataset/Amazon_Prime/Driving/Season3-TheExpanse/B_2019.12.02_09.39.35.csv,B_2019.12.02_09.39.35.csv,.csv,123023,True,1019.0,26.0,ok,
ucc_5g_context,UCC Beyond Throughput 5G dataset,external_measurement_reference,high_external_value,data/raw/ucc_5g_context/5G-production-dataset/Amazon_Prime/Driving/Season3-TheExpanse/B_2019.12.02_12.41.17.csv,B_2019.12.02_12.41.17.csv,.csv,144601,True,1169.0,26.0,ok,
ucc_5g_context,UCC Beyond Throughput 5G dataset,external_measurement_reference,high_external_value,data/raw/ucc_5g_context/5G-production-dataset/Amazon_Prime/Driving/Season3-TheExpanse/B_2019.12.03_07.29.22.csv,B_2019.12.03_07.29.22.csv,.csv,203053,True,1655.0,26.0,ok,
ucc_5g_context,UCC Beyond Throughput 5G dataset,external_measurement_reference,high_external_value,data/raw/ucc_5g_context/5G-production-dataset/Amazon_Prime/Driving/Season3-TheExpanse/B_2019.12.03_10.42.14.csv,B_2019.12.03_10.42.14.csv,.csv,108363,True,863.0,26.0,ok,
ucc_5g_context,UCC Beyond Throughput 5G dataset,external_measurement_reference,high_external_value,data/raw/ucc_5g_context/5G-production-dataset/Amazon_Prime/Driving/Season3-TheExpanse/B_2019.12.03_13.58.03.csv,B_2019.12.03_13.58.03.csv,.csv,352890,True,2886.0,26.0,ok,
ucc_5g_context,UCC Beyond Throughput 5G dataset,external_measurement_reference,high_external_value,data/raw/ucc_5g_context/5G-production-dataset/Amazon_Prime/Driving/Season3-TheExpanse/B_2019.12.04_07.26.30.csv,B_2019.12.04_07.26.30.csv,.csv,355936,True,2934.0,26.0,ok,
ucc_5g_context,UCC Beyond Throughput 5G dataset,external_measurement_reference,high_external_value,data/raw/ucc_5g_context/5G-production-dataset/Amazon_Prime/Driving/Season3-TheExpanse/B_2019.12.04_11.58.01.csv,B_2019.12.04_11.58.01.csv,.csv,170305,True,1394.0,26.0,ok,
ucc_5g_context,UCC Beyond Throughput 5G dataset,external_measurement_reference,high_external_value,data/raw/ucc_5g_context/5G-production-dataset/Amazon_Prime/Driving/Season3-TheExpanse/B_2019.12.04_14.24.21.csv,B_2019.12.04_14.24.21.csv,.csv,124745,True,1012.0,26.0,ok,
ucc_5g_context,UCC Beyond Throughput 5G dataset,external_measurement_reference,high_external_value,data/raw/ucc_5g_context/5G-production-dataset/Amazon_Prime/Driving/Season3-TheExpanse/B_2019.12.06_07.31.16.csv,B_2019.12.06_07.31.16.csv,.csv,544354,True,4455.0,26.0,ok,
ucc_5g_context,UCC Beyond Throughput 5G dataset,external_measurement_reference,high_external_value,data/raw/ucc_5g_context/5G-production-dataset/Amazon_Prime/Driving/Season3-TheExpanse/B_2019.12.06_09.32.38.csv,B_2019.12.06_09.32.38.csv,.csv,112170,True,914.0,26.0,ok,
ucc_5g_context,UCC Beyond Throughput 5G dataset,external_measurement_reference,high_external_value,data/raw/ucc_5g_context/5G-production-dataset/Amazon_Prime/Driving/Season3-TheExpanse/B_2019.12.06_11.49.24.csv,B_2019.12.06_11.49.24.csv,.csv,311307,True,2548.0,26.0,ok,
ucc_5g_context,UCC Beyond Throughput 5G dataset,external_measurement_reference,high_external_value,data/raw/ucc_5g_context/5G-production-dataset/Amazon_Prime/Driving/animated-AdventureTime/B_2019.11.28_07.27.57.csv,B_2019.11.28_07.27.57.csv,.csv,231358,True,1898.0,26.0,ok,
ucc_5g_context,UCC Beyond Throughput 5G dataset,external_measurement_reference,high_external_value,data/raw/ucc_5g_context/5G-production-dataset/Amazon_Prime/Driving/animated-AdventureTime/B_2019.11.28_10.14.25.csv,B_2019.11.28_10.14.25.csv,.csv,163220,True,1320.0,26.0,ok,
ucc_5g_context,UCC Beyond Throughput 5G dataset,external_measurement_reference,high_external_value,data/raw/ucc_5g_context/5G-production-dataset/Amazon_Prime/Driving/animated-AdventureTime/B_2019.11.28_12.05.29.csv,B_2019.11.28_12.05.29.csv,.csv,117868,True,963.0,26.0,ok,
ucc_5g_context,UCC Beyond Throughput 5G dataset,external_measurement_reference,high_external_value,data/raw/ucc_5g_context/5G-production-dataset/Amazon_Prime/Driving/animated-AdventureTime/B_2019.11.28_14.53.29.csv,B_2019.11.28_14.53.29.csv,.csv,573393,True,4683.0,26.0,ok,
ucc_5g_context,UCC Beyond Throughput 5G dataset,external_measurement_reference,high_external_value,data/raw/ucc_5g_context/5G-production-dataset/Amazon_Prime/Driving/animated-AdventureTime/B_2019.11.28_17.18.56.csv,B_2019.11.28_17.18.56.csv,.csv,116050,True,972.0,26.0,ok,
ucc_5g_context,UCC Beyond Throughput 5G dataset,external_measurement_reference,high_external_value,data/raw/ucc_5g_context/5G-production-dataset/Amazon_Prime/Driving/animated-AdventureTime/B_2019.11.29_09.37.23.csv,B_2019.11.29_09.37.23.csv,.csv,287782,True,2362.0,26.0,ok,
ucc_5g_context,UCC Beyond Throughput 5G dataset,external_measurement_reference,high_external_value,data/raw/ucc_5g_context/5G-production-dataset/Amazon_Prime/Driving/animated-AdventureTime/B_2019.11.29_13.05.25.csv,B_2019.11.29_13.05.25.csv,.csv,143774,True,1187.0,26.0,ok,
ucc_5g_context,UCC Beyond Throughput 5G dataset,external_measurement_reference,high_external_value,data/raw/ucc_5g_context/5G-production-dataset/Amazon_Prime/Static/Season3-TheExpanse/B_2019.12.19_15.00.47.csv,B_2019.12.19_15.00.47.csv,.csv,300233,True,2293.0,26.0,ok,
ucc_5g_context,UCC Beyond Throughput 5G dataset,external_measurement_reference,high_external_value,data/raw/ucc_5g_context/5G-production-dataset/Amazon_Prime/Static/Season3-TheExpanse/B_2019.12.23_10.30.35.csv,B_2019.12.23_10.30.35.csv,.csv,920558,True,6992.0,26.0,ok,
ucc_5g_context,UCC Beyond Throughput 5G dataset,external_measurement_reference,high_external_value,data/raw/ucc_5g_context/5G-production-dataset/Amazon_Prime/Static/Season3-TheExpanse/B_2020.01.03_08.59.40.csv,B_2020.01.03_08.59.40.csv,.csv,787843,True,6143.0,26.0,ok,
ucc_5g_context,UCC Beyond Throughput 5G dataset,external_measurement_reference,high_external_value,data/raw/ucc_5g_context/5G-production-dataset/Amazon_Prime/Static/Season3-TheExpanse/B_2020.01.03_10.54.39.csv,B_2020.01.03_10.54.39.csv,.csv,683651,True,5295.0,26.0,ok,
ucc_5g_context,UCC Beyond Throughput 5G dataset,external_measurement_reference,high_external_value,data/raw/ucc_5g_context/5G-production-dataset/Amazon_Prime/Static/Season3-TheExpanse/B_2020.01.05_14.55.57.csv,B_2020.01.05_14.55.57.csv,.csv,278621,True,2284.0,26.0,ok,
ucc_5g_context,UCC Beyond Throughput 5G dataset,external_measurement_reference,high_external_value,data/raw/ucc_5g_context/5G-production-dataset/Amazon_Prime/Static/animated-Ninjago/B_2020.01.06_09.55.13.csv,B_2020.01.06_09.55.13.csv,.csv,485163,True,3739.0,26.0,ok,
ucc_5g_context,UCC Beyond Throughput 5G dataset,external_measurement_reference,high_external_value,data/raw/ucc_5g_context/5G-production-dataset/Amazon_Prime/Static/animated-Ninjago/B_2020.01.06_11.08.12.csv,B_2020.01.06_11.08.12.csv,.csv,193432,True,1614.0,26.0,ok,
ucc_5g_context,UCC Beyond Throughput 5G dataset,external_measurement_reference,high_external_value,data/raw/ucc_5g_context/5G-production-dataset/Amazon_Prime/Static/animated-Ninjago/B_2020.01.06_11.40.29.csv,B_2020.01.06_11.40.29.csv,.csv,748946,True,6581.0,26.0,ok,
ucc_5g_context,UCC Beyond Throughput 5G dataset,external_measurement_reference,high_external_value,data/raw/ucc_5g_context/5G-production-dataset/Download/Driving/B_2019.12.14_10.16.30.csv,B_2019.12.14_10.16.30.csv,.csv,145605,True,1155.0,26.0,ok,
ucc_5g_context,UCC Beyond Throughput 5G dataset,external_measurement_reference,high_external_value,data/raw/ucc_5g_context/5G-production-dataset/Download/Driving/B_2019.12.16_07.22.43.csv,B_2019.12.16_07.22.43.csv,.csv,332053,True,2617.0,26.0,ok,
ucc_5g_context,UCC Beyond Throughput 5G dataset,external_measurement_reference,high_external_value,data/raw/ucc_5g_context/5G-production-dataset/Download/Driving/B_2019.12.16_11.49.59.csv,B_2019.12.16_11.49.59.csv,.csv,50418,True,401.0,26.0,ok,
ucc_5g_context,UCC Beyond Throughput 5G dataset,external_measurement_reference,high_external_value,data/raw/ucc_5g_context/5G-production-dataset/Download/Driving/B_2019.12.16_12.27.05.csv,B_2019.12.16_12.27.05.csv,.csv,172964,True,1338.0,26.0,ok,
ucc_5g_context,UCC Beyond Throughput 5G dataset,external_measurement_reference,high_external_value,data/raw/ucc_5g_context/5G-production-dataset/Download/Driving/B_2019.12.16_14.23.32.csv,B_2019.12.16_14.23.32.csv,.csv,367099,True,2887.0,26.0,ok,
ucc_5g_context,UCC Beyond Throughput 5G dataset,external_measurement_reference,high_external_value,data/raw/ucc_5g_context/5G-production-dataset/Download/Driving/B_2019.12.17_07.32.39.csv,B_2019.12.17_07.32.39.csv,.csv,322011,True,2576.0,26.0,ok,
ucc_5g_context,UCC Beyond Throughput 5G dataset,external_measurement_reference,high_external_value,data/raw/ucc_5g_context/5G-production-dataset/Download/Driving/B_2020.01.16_07.26.43.csv,B_2020.01.16_07.26.43.csv,.csv,248725,True,1981.0,26.0,ok,
ucc_5g_context,UCC Beyond Throughput 5G dataset,external_measurement_reference,high_external_value,data/raw/ucc_5g_context/5G-production-dataset/Download/Driving/B_2020.01.16_09.56.56.csv,B_2020.01.16_09.56.56.csv,.csv,223812,True,1741.0,26.0,ok,
ucc_5g_context,UCC Beyond Throughput 5G dataset,external_measurement_reference,high_external_value,data/raw/ucc_5g_context/5G-production-dataset/Download/Driving/B_2020.01.16_12.10.03.csv,B_2020.01.16_12.10.03.csv,.csv,49429,True,384.0,26.0,ok,
ucc_5g_context,UCC Beyond Throughput 5G dataset,external_measurement_reference,high_external_value,data/raw/ucc_5g_context/5G-production-dataset/Download/Driving/B_2020.02.13_13.03.24.csv,B_2020.02.13_13.03.24.csv,.csv,313457,True,2468.0,26.0,ok,
ucc_5g_context,UCC Beyond Throughput 5G dataset,external_measurement_reference,high_external_value,data/raw/ucc_5g_context/5G-production-dataset/Download/Driving/B_2020.02.13_15.02.01.csv,B_2020.02.13_15.02.01.csv,.csv,448057,True,3574.0,26.0,ok,
ucc_5g_context,UCC Beyond Throughput 5G dataset,external_measurement_reference,high_external_value,data/raw/ucc_5g_context/5G-production-dataset/Download/Driving/B_2020.02.14_07.29.00.csv,B_2020.02.14_07.29.00.csv,.csv,272262,True,2139.0,26.0,ok,
ucc_5g_context,UCC Beyond Throughput 5G dataset,external_measurement_reference,high_external_value,data/raw/ucc_5g_context/5G-production-dataset/Download/Driving/B_2020.02.14_09.38.22.csv,B_2020.02.14_09.38.22.csv,.csv,208683,True,1646.0,26.0,ok,
ucc_5g_context,UCC Beyond Throughput 5G dataset,external_measurement_reference,high_external_value,data/raw/ucc_5g_context/5G-production-dataset/Download/Driving/B_2020.02.14_12.58.17.csv,B_2020.02.14_12.58.17.csv,.csv,120196,True,960.0,26.0,ok,
ucc_5g_context,UCC Beyond Throughput 5G dataset,external_measurement_reference,high_external_value,data/raw/ucc_5g_context/5G-production-dataset/Download/Driving/B_2020.02.27_17.30.15.csv,B_2020.02.27_17.30.15.csv,.csv,108582,True,866.0,26.0,ok,
ucc_5g_context,UCC Beyond Throughput 5G dataset,external_measurement_reference,high_external_value,data/raw/ucc_5g_context/5G-production-dataset/Download/Driving/B_2020.02.27_20.35.57.csv,B_2020.02.27_20.35.57.csv,.csv,109053,True,858.0,26.0,ok,
ucc_5g_context,UCC Beyond Throughput 5G dataset,external_measurement_reference,high_external_value,data/raw/ucc_5g_context/5G-production-dataset/Download/Static/B_2019.12.16_13.40.04.csv,B_2019.12.16_13.40.04.csv,.csv,286375,True,2143.0,26.0,ok,
ucc_5g_context,UCC Beyond Throughput 5G dataset,external_measurement_reference,high_external_value,data/raw/ucc_5g_context/5G-production-dataset/Download/Static/B_2020.01.16_10.43.34.csv,B_2020.01.16_10.43.34.csv,.csv,451064,True,3322.0,26.0,ok,
ucc_5g_context,UCC Beyond Throughput 5G dataset,external_measurement_reference,high_external_value,data/raw/ucc_5g_context/5G-production-dataset/Download/Static/B_2020.02.13_13.57.29.csv,B_2020.02.13_13.57.29.csv,.csv,385808,True,3148.0,26.0,ok,
ucc_5g_context,UCC Beyond Throughput 5G dataset,external_measurement_reference,high_external_value,data/raw/ucc_5g_context/5G-production-dataset/Download/Static/B_2020.02.14_13.21.26.csv,B_2020.02.14_13.21.26.csv,.csv,134880,True,1013.0,26.0,ok,
ucc_5g_context,UCC Beyond Throughput 5G dataset,external_measurement_reference,high_external_value,data/raw/ucc_5g_context/5G-production-dataset/Download/Static/B_2020.02.27_18.39.27.csv,B_2020.02.27_18.39.27.csv,.csv,756270,True,5991.0,26.0,ok,
ucc_5g_context,UCC Beyond Throughput 5G dataset,external_measurement_reference,high_external_value,data/raw/ucc_5g_context/5G-production-dataset/Netflix/Driving/Season3-StrangerThings/B_2019.11.23_12.27.34.csv,B_2019.11.23_12.27.34.csv,.csv,155115,True,1267.0,26.0,ok,
ucc_5g_context,UCC Beyond Throughput 5G dataset,external_measurement_reference,high_external_value,data/raw/ucc_5g_context/5G-production-dataset/Netflix/Driving/Season3-StrangerThings/B_2019.11.23_13.28.26.csv,B_2019.11.23_13.28.26.csv,.csv,308094,True,2425.0,26.0,ok,
ucc_5g_context,UCC Beyond Throughput 5G dataset,external_measurement_reference,high_external_value,data/raw/ucc_5g_context/5G-production-dataset/Netflix/Driving/Season3-StrangerThings/B_2019.11.23_16.08.19.csv,B_2019.11.23_16.08.19.csv,.csv,160085,True,1325.0,26.0,ok,
ucc_5g_context,UCC Beyond Throughput 5G dataset,external_measurement_reference,high_external_value,data/raw/ucc_5g_context/5G-production-dataset/Netflix/Driving/Season3-StrangerThings/B_2019.11.24_12.19.13.csv,B_2019.11.24_12.19.13.csv,.csv,92092,True,761.0,26.0,ok,
ucc_5g_context,UCC Beyond Throughput 5G dataset,external_measurement_reference,high_external_value,data/raw/ucc_5g_context/5G-production-dataset/Netflix/Driving/Season3-StrangerThings/B_2019.11.24_13.06.36.csv,B_2019.11.24_13.06.36.csv,.csv,85727,True,701.0,26.0,ok,
ucc_5g_context,UCC Beyond Throughput 5G dataset,external_measurement_reference,high_external_value,data/raw/ucc_5g_context/5G-production-dataset/Netflix/Driving/Season3-StrangerThings/B_2019.11.25_07.25.43.csv,B_2019.11.25_07.25.43.csv,.csv,256798,True,2134.0,26.0,ok,
ucc_5g_context,UCC Beyond Throughput 5G dataset,external_measurement_reference,high_external_value,data/raw/ucc_5g_context/5G-production-dataset/Netflix/Driving/Season3-StrangerThings/B_2019.11.25_15.34.34.csv,B_2019.11.25_15.34.34.csv,.csv,213961,True,1761.0,26.0,ok,
ucc_5g_context,UCC Beyond Throughput 5G dataset,external_measurement_reference,high_external_value,data/raw/ucc_5g_context/5G-production-dataset/Netflix/Driving/Season3-StrangerThings/B_2019.11.26_07.29.24.csv,B_2019.11.26_07.29.24.csv,.csv,229640,True,1900.0,26.0,ok,
ucc_5g_context,UCC Beyond Throughput 5G dataset,external_measurement_reference,high_external_value,data/raw/ucc_5g_context/5G-production-dataset/Netflix/Driving/Season3-StrangerThings/B_2019.11.26_09.53.40.csv,B_2019.11.26_09.53.40.csv,.csv,388594,True,3173.0,26.0,ok,
ucc_5g_context,UCC Beyond Throughput 5G dataset,external_measurement_reference,high_external_value,data/raw/ucc_5g_context/5G-production-dataset/Netflix/Driving/Season3-StrangerThings/B_2019.11.26_13.00.56.csv,B_2019.11.26_13.00.56.csv,.csv,141619,True,1163.0,26.0,ok,
ucc_5g_context,UCC Beyond Throughput 5G dataset,external_measurement_reference,high_external_value,data/raw/ucc_5g_context/5G-production-dataset/Netflix/Driving/Season3-StrangerThings/B_2019.11.26_13.20.42.csv,B_2019.11.26_13.20.42.csv,.csv,75575,True,615.0,26.0,ok,
ucc_5g_context,UCC Beyond Throughput 5G dataset,external_measurement_reference,high_external_value,data/raw/ucc_5g_context/5G-production-dataset/Netflix/Driving/Season3-StrangerThings/B_2019.11.26_15.02.50.csv,B_2019.11.26_15.02.50.csv,.csv,453527,True,3702.0,26.0,ok,
ucc_5g_context,UCC Beyond Throughput 5G dataset,external_measurement_reference,high_external_value,data/raw/ucc_5g_context/5G-production-dataset/Netflix/Driving/Season3-StrangerThings/B_2019.11.27_07.29.47.csv,B_2019.11.27_07.29.47.csv,.csv,279113,True,2294.0,26.0,ok,
ucc_5g_context,UCC Beyond Throughput 5G dataset,external_measurement_reference,high_external_value,data/raw/ucc_5g_context/5G-production-dataset/Netflix/Driving/Season3-StrangerThings/B_2019.11.27_16.33.16.csv,B_2019.11.27_16.33.16.csv,.csv,241792,True,1991.0,26.0,ok,
ucc_5g_context,UCC Beyond Throughput 5G dataset,external_measurement_reference,high_external_value,data/raw/ucc_5g_context/5G-production-dataset/Netflix/Driving/animated-RickandMorty/B_2019.11.20_16.55.16.csv,B_2019.11.20_16.55.16.csv,.csv,311982,True,2541.0,26.0,ok,
ucc_5g_context,UCC Beyond Throughput 5G dataset,external_measurement_reference,high_external_value,data/raw/ucc_5g_context/5G-production-dataset/Netflix/Driving/animated-RickandMorty/B_2019.11.21_07.59.06.csv,B_2019.11.21_07.59.06.csv,.csv,303816,True,2545.0,26.0,ok,
ucc_5g_context,UCC Beyond Throughput 5G dataset,external_measurement_reference,high_external_value,data/raw/ucc_5g_context/5G-production-dataset/Netflix/Driving/animated-RickandMorty/B_2019.11.21_09.03.55.csv,B_2019.11.21_09.03.55.csv,.csv,53321,True,444.0,26.0,ok,
ucc_5g_context,UCC Beyond Throughput 5G dataset,external_measurement_reference,high_external_value,data/raw/ucc_5g_context/5G-production-dataset/Netflix/Driving/animated-RickandMorty/B_2019.11.21_09.44.52.csv,B_2019.11.21_09.44.52.csv,.csv,131329,True,1084.0,26.0,ok,
ucc_5g_context,UCC Beyond Throughput 5G dataset,external_measurement_reference,high_external_value,data/raw/ucc_5g_context/5G-production-dataset/Netflix/Driving/animated-RickandMorty/B_2019.11.21_10.20.17.csv,B_2019.11.21_10.20.17.csv,.csv,33212,True,268.0,26.0,ok,
ucc_5g_context,UCC Beyond Throughput 5G dataset,external_measurement_reference,high_external_value,data/raw/ucc_5g_context/5G-production-dataset/Netflix/Driving/animated-RickandMorty/B_2019.11.21_14.33.25.csv,B_2019.11.21_14.33.25.csv,.csv,190881,True,1592.0,26.0,ok,
ucc_5g_context,UCC Beyond Throughput 5G dataset,external_measurement_reference,high_external_value,data/raw/ucc_5g_context/5G-production-dataset/Netflix/Driving/animated-RickandMorty/B_2019.11.21_15.38.35.csv,B_2019.11.21_15.38.35.csv,.csv,211180,True,1807.0,26.0,ok,
ucc_5g_context,UCC Beyond Throughput 5G dataset,external_measurement_reference,high_external_value,data/raw/ucc_5g_context/5G-production-dataset/Netflix/Driving/animated-RickandMorty/B_2019.11.21_16.15.17.csv,B_2019.11.21_16.15.17.csv,.csv,168833,True,1358.0,26.0,ok,
ucc_5g_context,UCC Beyond Throughput 5G dataset,external_measurement_reference,high_external_value,data/raw/ucc_5g_context/5G-production-dataset/Netflix/Driving/animated-RickandMorty/B_2019.11.22_07.30.04.csv,B_2019.11.22_07.30.04.csv,.csv,165990,True,1373.0,26.0,ok,
ucc_5g_context,UCC Beyond Throughput 5G dataset,external_measurement_reference,high_external_value,data/raw/ucc_5g_context/5G-production-dataset/Netflix/Static/Season3-StrangerThings/B_2019.11.26_13.50.48.csv,B_2019.11.26_13.50.48.csv,.csv,315064,True,2658.0,26.0,ok,
ucc_5g_context,UCC Beyond Throughput 5G dataset,external_measurement_reference,high_external_value,data/raw/ucc_5g_context/5G-production-dataset/Netflix/Static/Season3-StrangerThings/B_2019.11.28_09.21.45.csv,B_2019.11.28_09.21.45.csv,.csv,345283,True,2724.0,26.0,ok,
ucc_5g_context,UCC Beyond Throughput 5G dataset,external_measurement_reference,high_external_value,data/raw/ucc_5g_context/5G-production-dataset/Netflix/Static/Season3-StrangerThings/B_2019.12.03_08.02.05.csv,B_2019.12.03_08.02.05.csv,.csv,850713,True,7190.0,26.0,ok,
ucc_5g_context,UCC Beyond Throughput 5G dataset,external_measurement_reference,high_external_value,data/raw/ucc_5g_context/5G-production-dataset/Netflix/Static/Season3-StrangerThings/B_2019.12.04_12.46.14.csv,B_2019.12.04_12.46.14.csv,.csv,394400,True,3328.0,26.0,ok,
ucc_5g_context,UCC Beyond Throughput 5G dataset,external_measurement_reference,high_external_value,data/raw/ucc_5g_context/5G-production-dataset/Netflix/Static/Season3-StrangerThings/B_2019.12.06_09.55.13.csv,B_2019.12.06_09.55.13.csv,.csv,709064,True,6020.0,26.0,ok,
ucc_5g_context,UCC Beyond Throughput 5G dataset,external_measurement_reference,high_external_value,data/raw/ucc_5g_context/5G-production-dataset/Netflix/Static/Season3-StrangerThings/B_2019.12.16_13.03.47.csv,B_2019.12.16_13.03.47.csv,.csv,216477,True,1815.0,26.0,ok,
ucc_5g_context,UCC Beyond Throughput 5G dataset,external_measurement_reference,high_external_value,data/raw/ucc_5g_context/5G-production-dataset/Netflix/Static/animated-RickandMorty/B_2019.11.23_14.30.10.csv,B_2019.11.23_14.30.10.csv,.csv,135499,True,1098.0,26.0,ok,
ucc_5g_context,UCC Beyond Throughput 5G dataset,external_measurement_reference,high_external_value,data/raw/ucc_5g_context/5G-production-dataset/Netflix/Static/animated-RickandMorty/B_2019.11.26_08.02.38.csv,B_2019.11.26_08.02.38.csv,.csv,530760,True,4701.0,26.0,ok,
ucc_5g_context,UCC Beyond Throughput 5G dataset,external_measurement_reference,high_external_value,data/raw/ucc_5g_context/5G-production-dataset/Netflix/Static/animated-RickandMorty/B_2019.11.26_09.27.10.csv,B_2019.11.26_09.27.10.csv,.csv,141841,True,1247.0,26.0,ok,
ucc_5g_context,UCC Beyond Throughput 5G dataset,external_measurement_reference,high_external_value,data/raw/ucc_5g_context/5G-production-dataset/Netflix/Static/animated-RickandMorty/B_2019.11.28_08.02.19.csv,B_2019.11.28_08.02.19.csv,.csv,503801,True,3827.0,26.0,ok,
ns3_lena,ns-3 5G-LENA controlled simulator traces,controlled_simulator_reference,included_controlled_reference,data/raw/simulator_reference/ns3_lena_simple_qos/medium_load_ofdma_seed_1/flow_stats.txt,flow_stats.txt,.txt,549,False,,,not_table,
ns3_lena,ns-3 5G-LENA controlled simulator traces,controlled_simulator_reference,included_controlled_reference,data/raw/simulator_reference/ns3_lena_simple_qos/medium_load_ofdma_seed_1/run_summary.csv,run_summary.csv,.csv,526,True,1.0,19.0,ok,
ns3_lena,ns-3 5G-LENA controlled simulator traces,controlled_simulator_reference,included_controlled_reference,data/raw/simulator_reference/ns3_lena_simple_qos/medium_load_ofdma_seed_2/flow_stats.txt,flow_stats.txt,.txt,549,False,,,not_table,
ns3_lena,ns-3 5G-LENA controlled simulator traces,controlled_simulator_reference,included_controlled_reference,data/raw/simulator_reference/ns3_lena_simple_qos/medium_load_ofdma_seed_2/run_summary.csv,run_summary.csv,.csv,516,True,1.0,19.0,ok,
ns3_lena,ns-3 5G-LENA controlled simulator traces,controlled_simulator_reference,included_controlled_reference,data/raw/simulator_reference/ns3_lena_simple_qos/medium_load_ofdma_seed_3/flow_stats.txt,flow_stats.txt,.txt,549,False,,,not_table,
ns3_lena,ns-3 5G-LENA controlled simulator traces,controlled_simulator_reference,included_controlled_reference,data/raw/simulator_reference/ns3_lena_simple_qos/medium_load_ofdma_seed_3/run_summary.csv,run_summary.csv,.csv,516,True,1.0,19.0,ok,
ns3_lena,ns-3 5G-LENA controlled simulator traces,controlled_simulator_reference,included_controlled_reference,data/raw/simulator_reference/ns3_lena_simple_qos/medium_load_tdma_seed_1/flow_stats.txt,flow_stats.txt,.txt,549,False,,,not_table,
ns3_lena,ns-3 5G-LENA controlled simulator traces,controlled_simulator_reference,included_controlled_reference,data/raw/simulator_reference/ns3_lena_simple_qos/medium_load_tdma_seed_1/run_summary.csv,run_summary.csv,.csv,512,True,1.0,19.0,ok,
ns3_lena,ns-3 5G-LENA controlled simulator traces,controlled_simulator_reference,included_controlled_reference,data/raw/simulator_reference/ns3_lena_simple_qos/medium_load_tdma_seed_2/flow_stats.txt,flow_stats.txt,.txt,549,False,,,not_table,
ns3_lena,ns-3 5G-LENA controlled simulator traces,controlled_simulator_reference,included_controlled_reference,data/raw/simulator_reference/ns3_lena_simple_qos/medium_load_tdma_seed_2/run_summary.csv,run_summary.csv,.csv,513,True,1.0,19.0,ok,
ns3_lena,ns-3 5G-LENA controlled simulator traces,controlled_simulator_reference,included_controlled_reference,data/raw/simulator_reference/ns3_lena_simple_qos/medium_load_tdma_seed_3/flow_stats.txt,flow_stats.txt,.txt,549,False,,,not_table,
ns3_lena,ns-3 5G-LENA controlled simulator traces,controlled_simulator_reference,included_controlled_reference,data/raw/simulator_reference/ns3_lena_simple_qos/medium_load_tdma_seed_3/run_summary.csv,run_summary.csv,.csv,514,True,1.0,19.0,ok,
ns3_lena,ns-3 5G-LENA controlled simulator traces,controlled_simulator_reference,included_controlled_reference,data/raw/simulator_reference/ns3_lena_simple_qos/run_manifest.csv,run_manifest.csv,.csv,2020,True,12.0,8.0,ok,
ns3_lena,ns-3 5G-LENA controlled simulator traces,controlled_simulator_reference,included_controlled_reference,data/raw/simulator_reference/ns3_lena_simple_qos/saturation_load_ofdma_seed_1/flow_stats.txt,flow_stats.txt,.txt,551,False,,,not_table,
ns3_lena,ns-3 5G-LENA controlled simulator traces,controlled_simulator_reference,included_controlled_reference,data/raw/simulator_reference/ns3_lena_simple_qos/saturation_load_ofdma_seed_1/run_summary.csv,run_summary.csv,.csv,523,True,1.0,19.0,ok,
ns3_lena,ns-3 5G-LENA controlled simulator traces,controlled_simulator_reference,included_controlled_reference,data/raw/simulator_reference/ns3_lena_simple_qos/saturation_load_ofdma_seed_2/flow_stats.txt,flow_stats.txt,.txt,551,False,,,not_table,
ns3_lena,ns-3 5G-LENA controlled simulator traces,controlled_simulator_reference,included_controlled_reference,data/raw/simulator_reference/ns3_lena_simple_qos/saturation_load_ofdma_seed_2/run_summary.csv,run_summary.csv,.csv,527,True,1.0,19.0,ok,
ns3_lena,ns-3 5G-LENA controlled simulator traces,controlled_simulator_reference,included_controlled_reference,data/raw/simulator_reference/ns3_lena_simple_qos/saturation_load_ofdma_seed_3/flow_stats.txt,flow_stats.txt,.txt,551,False,,,not_table,
ns3_lena,ns-3 5G-LENA controlled simulator traces,controlled_simulator_reference,included_controlled_reference,data/raw/simulator_reference/ns3_lena_simple_qos/saturation_load_ofdma_seed_3/run_summary.csv,run_summary.csv,.csv,523,True,1.0,19.0,ok,
ns3_lena,ns-3 5G-LENA controlled simulator traces,controlled_simulator_reference,included_controlled_reference,data/raw/simulator_reference/ns3_lena_simple_qos/saturation_load_tdma_seed_1/flow_stats.txt,flow_stats.txt,.txt,551,False,,,not_table,
ns3_lena,ns-3 5G-LENA controlled simulator traces,controlled_simulator_reference,included_controlled_reference,data/raw/simulator_reference/ns3_lena_simple_qos/saturation_load_tdma_seed_1/run_summary.csv,run_summary.csv,.csv,511,True,1.0,19.0,ok,
ns3_lena,ns-3 5G-LENA controlled simulator traces,controlled_simulator_reference,included_controlled_reference,data/raw/simulator_reference/ns3_lena_simple_qos/saturation_load_tdma_seed_2/flow_stats.txt,flow_stats.txt,.txt,551,False,,,not_table,
ns3_lena,ns-3 5G-LENA controlled simulator traces,controlled_simulator_reference,included_controlled_reference,data/raw/simulator_reference/ns3_lena_simple_qos/saturation_load_tdma_seed_2/run_summary.csv,run_summary.csv,.csv,513,True,1.0,19.0,ok,
ns3_lena,ns-3 5G-LENA controlled simulator traces,controlled_simulator_reference,included_controlled_reference,data/raw/simulator_reference/ns3_lena_simple_qos/saturation_load_tdma_seed_3/flow_stats.txt,flow_stats.txt,.txt,551,False,,,not_table,
ns3_lena,ns-3 5G-LENA controlled simulator traces,controlled_simulator_reference,included_controlled_reference,data/raw/simulator_reference/ns3_lena_simple_qos/saturation_load_tdma_seed_3/run_summary.csv,run_summary.csv,.csv,533,True,1.0,19.0,ok,
