edge_id,source_node_id,target_node_id,edge_type,graph_view,is_directed,edge_weight,source_dataset,metric,non_missing_count,non_missing_fraction,comparison_status,recommended_use,claim_scope,source_column,source_value,row_count,reference_dataset,comparison_context,median_difference,wasserstein_distance,ks_statistic,comparison_scope
edge_438ba9cabbd6defa53,external_reference_evidence:source:synnetqos:a81eefc24311,external_reference_evidence:metric:signal_dbm:3a4d672c419a,source_provides_metric,external_reference_evidence,True,50000.0,synnetqos,signal_dbm,50000.0,1.0,available,not_reported,selected radio-strength plausibility comparison,,,,,,,,,
edge_78d42859ae742a53d3,external_reference_evidence:source:synnetqos:a81eefc24311,external_reference_evidence:metric:download_throughput_mbps:ae2d9e2813b2,source_provides_metric,external_reference_evidence,True,50000.0,synnetqos,download_throughput_mbps,50000.0,1.0,available,not_reported,selected throughput plausibility comparison,,,,,,,,,
edge_bbb2baf6e4d1faaa3c,external_reference_evidence:source:synnetqos:a81eefc24311,external_reference_evidence:metric:upload_throughput_mbps:599874e4d7f5,source_provides_metric,external_reference_evidence,True,50000.0,synnetqos,upload_throughput_mbps,50000.0,1.0,available,not_reported,selected upload-throughput plausibility comparison,,,,,,,,,
edge_aa64641e0f0ccaf770,external_reference_evidence:source:synnetqos:a81eefc24311,external_reference_evidence:metric:latency_ms:d96181fbcbbb,source_provides_metric,external_reference_evidence,True,50000.0,synnetqos,latency_ms,50000.0,1.0,available,not_reported,selected latency plausibility comparison,,,,,,,,,
edge_4b09cf3055d21d3c7d,external_reference_evidence:source:synnetqos:a81eefc24311,external_reference_evidence:metric:jitter_ms:5629abf68229,source_provides_metric,external_reference_evidence,True,50000.0,synnetqos,jitter_ms,50000.0,1.0,available,not_reported,selected jitter plausibility comparison,,,,,,,,,
edge_2bf59cf6d19f8c2c86,external_reference_evidence:source:synnetqos:a81eefc24311,external_reference_evidence:metric:offered_downlink_mbps:4a86974694c8,source_provides_metric,external_reference_evidence,True,50000.0,synnetqos,offered_downlink_mbps,50000.0,1.0,available,not_reported,selected traffic-demand plausibility comparison,,,,,,,,,
edge_45572a93fdacdc77c3,external_reference_evidence:source:vienna_4g5g:9718c68f019b,external_reference_evidence:metric:signal_dbm:3a4d672c419a,source_provides_metric,external_reference_evidence,True,3895125.0,vienna_4g5g,signal_dbm,3895125.0,0.9999948654029568,pairwise_comparable,main_text_candidate,selected radio-strength plausibility comparison,,,,,,,,,
edge_85053f2f929b1b8c53,external_reference_evidence:source:vienna_4g5g:9718c68f019b,external_reference_evidence:metric:download_throughput_mbps:ae2d9e2813b2,source_provides_metric,external_reference_evidence,True,1839718.0,vienna_4g5g,download_throughput_mbps,1839718.0,0.4723105301599812,pairwise_comparable,main_text_candidate,selected throughput plausibility comparison,,,,,,,,,
edge_ed2ce83f82034ced2c,external_reference_evidence:source:vienna_4g5g:9718c68f019b,external_reference_evidence:metric:upload_throughput_mbps:599874e4d7f5,source_provides_metric,external_reference_evidence,True,1838818.0,vienna_4g5g,upload_throughput_mbps,1838818.0,0.4720794732930353,pairwise_comparable,supplementary_or_table,selected upload-throughput plausibility comparison,,,,,,,,,
edge_c0902d7280d330a307,external_reference_evidence:source:campus_qos:7d40f1cbee10,external_reference_evidence:metric:download_throughput_mbps:ae2d9e2813b2,source_provides_metric,external_reference_evidence,True,302.0,campus_qos,download_throughput_mbps,302.0,1.0,pairwise_comparable,main_text_candidate,selected throughput plausibility comparison,,,,,,,,,
edge_b67b848240880a40e1,external_reference_evidence:source:campus_qos:7d40f1cbee10,external_reference_evidence:metric:upload_throughput_mbps:599874e4d7f5,source_provides_metric,external_reference_evidence,True,302.0,campus_qos,upload_throughput_mbps,302.0,1.0,pairwise_comparable,supplementary_or_table,selected upload-throughput plausibility comparison,,,,,,,,,
edge_b73216ba2b4a387a09,external_reference_evidence:source:campus_qos:7d40f1cbee10,external_reference_evidence:metric:jitter_ms:5629abf68229,source_provides_metric,external_reference_evidence,True,302.0,campus_qos,jitter_ms,302.0,1.0,pairwise_comparable,supplementary_or_table,selected jitter plausibility comparison,,,,,,,,,
edge_7c50c699ba3ba7319c,external_reference_evidence:source:campus_qos:7d40f1cbee10,external_reference_evidence:metric:packet_loss_fraction:2384704366df,source_provides_metric,external_reference_evidence,True,302.0,campus_qos,packet_loss_fraction,302.0,1.0,reference_only,coverage_or_limitations_only,reference-only availability summary; SynNetQoS does not expose a direct packet-loss field in this comparison table,,,,,,,,,
edge_0a5c4b2c4d256d1892,external_reference_evidence:source:campus_qos:7d40f1cbee10,external_reference_evidence:metric:offered_downlink_mbps:4a86974694c8,source_provides_metric,external_reference_evidence,True,302.0,campus_qos,offered_downlink_mbps,302.0,1.0,pairwise_comparable,supplementary_or_table,selected traffic-demand plausibility comparison,,,,,,,,,
edge_c06f37b16b411ee63e,external_reference_evidence:source:ucc_5g_context:3bfe5e5f2660,external_reference_evidence:metric:signal_dbm:3a4d672c419a,source_provides_metric,external_reference_evidence,True,188711.0,ucc_5g_context,signal_dbm,188711.0,1.0,pairwise_comparable,main_text_candidate,selected radio-strength plausibility comparison,,,,,,,,,
edge_94783747102abee833,external_reference_evidence:source:ucc_5g_context:3bfe5e5f2660,external_reference_evidence:metric:download_throughput_mbps:ae2d9e2813b2,source_provides_metric,external_reference_evidence,True,188711.0,ucc_5g_context,download_throughput_mbps,188711.0,1.0,pairwise_comparable,main_text_candidate,selected throughput plausibility comparison,,,,,,,,,
edge_b2b6ff10b956b47730,external_reference_evidence:source:ucc_5g_context:3bfe5e5f2660,external_reference_evidence:metric:upload_throughput_mbps:599874e4d7f5,source_provides_metric,external_reference_evidence,True,188711.0,ucc_5g_context,upload_throughput_mbps,188711.0,1.0,pairwise_comparable,supplementary_or_table,selected upload-throughput plausibility comparison,,,,,,,,,
edge_7e93f7225550bf7946,external_reference_evidence:source:ucc_5g_context:3bfe5e5f2660,external_reference_evidence:metric:latency_ms:d96181fbcbbb,source_provides_metric,external_reference_evidence,True,3208.0,ucc_5g_context,latency_ms,3208.0,0.01699953897759,pairwise_comparable,supplementary_or_table,selected latency plausibility comparison,,,,,,,,,
edge_ac5c8a1a52aa2f3773,external_reference_evidence:source:ucc_5g_context:3bfe5e5f2660,external_reference_evidence:metric:jitter_ms:5629abf68229,source_provides_metric,external_reference_evidence,True,3208.0,ucc_5g_context,jitter_ms,3208.0,0.01699953897759,pairwise_comparable,supplementary_or_table,selected jitter plausibility comparison,,,,,,,,,
edge_d7eaf5f2451fa9e7b8,external_reference_evidence:source:ucc_5g_context:3bfe5e5f2660,external_reference_evidence:metric:packet_loss_fraction:2384704366df,source_provides_metric,external_reference_evidence,True,3272.0,ucc_5g_context,packet_loss_fraction,3272.0,0.0173386818998362,reference_only,coverage_or_limitations_only,reference-only availability summary; SynNetQoS does not expose a direct packet-loss field in this comparison table,,,,,,,,,
edge_319fa89ec5f6f711e7,external_reference_evidence:source:ns3_lena:159e140fa99f,external_reference_evidence:metric:download_throughput_mbps:ae2d9e2813b2,source_provides_metric,external_reference_evidence,True,12.0,ns3_lena,download_throughput_mbps,12.0,1.0,insufficient_or_unavailable,not_reported,selected throughput plausibility comparison,,,,,,,,,
edge_3dec795332a2686a2e,external_reference_evidence:source:ns3_lena:159e140fa99f,external_reference_evidence:metric:latency_ms:d96181fbcbbb,source_provides_metric,external_reference_evidence,True,12.0,ns3_lena,latency_ms,12.0,1.0,insufficient_or_unavailable,not_reported,selected latency plausibility comparison,,,,,,,,,
edge_ea8e39e60e86a975a6,external_reference_evidence:source:ns3_lena:159e140fa99f,external_reference_evidence:metric:jitter_ms:5629abf68229,source_provides_metric,external_reference_evidence,True,12.0,ns3_lena,jitter_ms,12.0,1.0,insufficient_or_unavailable,not_reported,selected jitter plausibility comparison,,,,,,,,,
edge_cfbaf8bfffcd062aff,external_reference_evidence:source:ns3_lena:159e140fa99f,external_reference_evidence:metric:packet_loss_fraction:2384704366df,source_provides_metric,external_reference_evidence,True,12.0,ns3_lena,packet_loss_fraction,12.0,1.0,insufficient_or_unavailable,not_reported,reference-only availability summary; SynNetQoS does not expose a direct packet-loss field in this comparison table,,,,,,,,,
edge_df09420e9c78ef66b8,external_reference_evidence:source:ns3_lena:159e140fa99f,external_reference_evidence:metric:offered_downlink_mbps:4a86974694c8,source_provides_metric,external_reference_evidence,True,12.0,ns3_lena,offered_downlink_mbps,12.0,1.0,insufficient_or_unavailable,not_reported,selected traffic-demand plausibility comparison,,,,,,,,,
edge_076658446a1d70cedd,external_reference_evidence:source:vienna_4g5g:9718c68f019b,external_reference_evidence:reference_context:technology_5g:6acd031cdcc0,source_has_reference_context,external_reference_evidence,True,2181738.0,vienna_4g5g,,,,,,,technology,5g,2181738.0,,,,,,
edge_eec7922bee01f8024c,external_reference_evidence:source:vienna_4g5g:9718c68f019b,external_reference_evidence:reference_context:technology_lte:94765a3201a2,source_has_reference_context,external_reference_evidence,True,1713407.0,vienna_4g5g,,,,,,,technology,lte,1713407.0,,,,,,
edge_10d21ce83eab25143e,external_reference_evidence:source:vienna_4g5g:9718c68f019b,external_reference_evidence:reference_context:measurement_source_scanner:538e7762eadc,source_has_reference_context,external_reference_evidence,True,2027244.0,vienna_4g5g,,,,,,,measurement_source,scanner,2027244.0,,,,,,
edge_5005dab5167a5a33f1,external_reference_evidence:source:vienna_4g5g:9718c68f019b,external_reference_evidence:reference_context:measurement_source_phone:73d2dc1bfc3e,source_has_reference_context,external_reference_evidence,True,1867901.0,vienna_4g5g,,,,,,,measurement_source,phone,1867901.0,,,,,,
edge_b503de84e63b8c9e96,external_reference_evidence:source:vienna_4g5g:9718c68f019b,external_reference_evidence:reference_context:measurement_context_drive_test:4800083e5dc3,source_has_reference_context,external_reference_evidence,True,3895145.0,vienna_4g5g,,,,,,,measurement_context,drive_test,3895145.0,,,,,,
edge_2d51f869c26ec28b84,external_reference_evidence:source:vienna_4g5g:9718c68f019b,external_reference_evidence:reference_context:mobility_context_mobile_measurement:d7c0836ae1e9,source_has_reference_context,external_reference_evidence,True,3895145.0,vienna_4g5g,,,,,,,mobility_context,mobile_measurement,3895145.0,,,,,,
edge_9add6e3557cf2eb91d,external_reference_evidence:source:vienna_4g5g:9718c68f019b,external_reference_evidence:reference_context:network_mode_5g:5aa16e26bbd4,source_has_reference_context,external_reference_evidence,True,2181738.0,vienna_4g5g,,,,,,,network_mode,5g,2181738.0,,,,,,
edge_e444af45c5f67850f3,external_reference_evidence:source:vienna_4g5g:9718c68f019b,external_reference_evidence:reference_context:network_mode_lte:c978042b2768,source_has_reference_context,external_reference_evidence,True,1713407.0,vienna_4g5g,,,,,,,network_mode,lte,1713407.0,,,,,,
edge_ab8c1563846800fc1c,external_reference_evidence:source:campus_qos:7d40f1cbee10,external_reference_evidence:reference_context:technology_5g:6acd031cdcc0,source_has_reference_context,external_reference_evidence,True,302.0,campus_qos,,,,,,,technology,5g,302.0,,,,,,
edge_b2aa43e18c45680d52,external_reference_evidence:source:campus_qos:7d40f1cbee10,external_reference_evidence:reference_context:measurement_source_wue:9be4922f57e4,source_has_reference_context,external_reference_evidence,True,160.0,campus_qos,,,,,,,measurement_source,wue,160.0,,,,,,
edge_fac8c9c0432a63aa3d,external_reference_evidence:source:campus_qos:7d40f1cbee10,external_reference_evidence:reference_context:measurement_source_ntnu:6d4048c2bd4e,source_has_reference_context,external_reference_evidence,True,142.0,campus_qos,,,,,,,measurement_source,ntnu,142.0,,,,,,
edge_fb387a0b59934a0a9e,external_reference_evidence:source:campus_qos:7d40f1cbee10,external_reference_evidence:reference_context:measurement_context_controlled_testbed:cb0d3c8f605e,source_has_reference_context,external_reference_evidence,True,302.0,campus_qos,,,,,,,measurement_context,controlled_testbed,302.0,,,,,,
edge_8e883c1a0a34561513,external_reference_evidence:source:campus_qos:7d40f1cbee10,external_reference_evidence:reference_context:mobility_context_controlled:c08c59309de8,source_has_reference_context,external_reference_evidence,True,302.0,campus_qos,,,,,,,mobility_context,controlled,302.0,,,,,,
edge_27e4f559aef9557981,external_reference_evidence:source:campus_qos:7d40f1cbee10,external_reference_evidence:reference_context:network_mode_5g:5aa16e26bbd4,source_has_reference_context,external_reference_evidence,True,302.0,campus_qos,,,,,,,network_mode,5g,302.0,,,,,,
edge_63565efb579550b4d3,external_reference_evidence:source:campus_qos:7d40f1cbee10,external_reference_evidence:reference_context:scenario_oai_b200_20mhz_10slots_ratio2_25up_75down_rep1:34987be25af4,source_has_reference_context,external_reference_evidence,True,2.0,campus_qos,,,,,,,scenario,oai_b200_20mhz_10slots_ratio2_25up_75down_rep1,2.0,,,,,,
edge_066ec1a242dac04c7c,external_reference_evidence:source:campus_qos:7d40f1cbee10,external_reference_evidence:reference_context:scenario_srs_b200_40mhz_10slots_ratio1_50up_150down_rep1:5f1f0eeca140,source_has_reference_context,external_reference_evidence,True,2.0,campus_qos,,,,,,,scenario,srs_b200_40mhz_10slots_ratio1_50up_150down_rep1,2.0,,,,,,
edge_44e040636992159c0b,external_reference_evidence:source:campus_qos:7d40f1cbee10,external_reference_evidence:reference_context:scenario_srs_b200_20mhz_5slots_ratio2_25up_75down_rep4:85201d183989,source_has_reference_context,external_reference_evidence,True,2.0,campus_qos,,,,,,,scenario,srs_b200_20mhz_5slots_ratio2_25up_75down_rep4,2.0,,,,,,
edge_428af88d343baed9d6,external_reference_evidence:source:campus_qos:7d40f1cbee10,external_reference_evidence:reference_context:scenario_srs_b200_20mhz_5slots_ratio4_25up_75down_rep1:e249d1742ead,source_has_reference_context,external_reference_evidence,True,2.0,campus_qos,,,,,,,scenario,srs_b200_20mhz_5slots_ratio4_25up_75down_rep1,2.0,,,,,,
edge_3e6868f9a93e49128d,external_reference_evidence:source:campus_qos:7d40f1cbee10,external_reference_evidence:reference_context:scenario_srs_b200_20mhz_5slots_ratio4_25up_75down_rep2:b86d4a8d30e0,source_has_reference_context,external_reference_evidence,True,2.0,campus_qos,,,,,,,scenario,srs_b200_20mhz_5slots_ratio4_25up_75down_rep2,2.0,,,,,,
edge_c0c5225c5f69a010af,external_reference_evidence:source:campus_qos:7d40f1cbee10,external_reference_evidence:reference_context:scenario_srs_b200_20mhz_5slots_ratio4_25up_75down_rep3:8808b226deaa,source_has_reference_context,external_reference_evidence,True,2.0,campus_qos,,,,,,,scenario,srs_b200_20mhz_5slots_ratio4_25up_75down_rep3,2.0,,,,,,
edge_e65af3136f9168577c,external_reference_evidence:source:campus_qos:7d40f1cbee10,external_reference_evidence:reference_context:scenario_srs_b200_20mhz_5slots_ratio4_25up_75down_rep4:b4076e2d3caa,source_has_reference_context,external_reference_evidence,True,2.0,campus_qos,,,,,,,scenario,srs_b200_20mhz_5slots_ratio4_25up_75down_rep4,2.0,,,,,,
edge_821d11b70459629f35,external_reference_evidence:source:campus_qos:7d40f1cbee10,external_reference_evidence:reference_context:scenario_srs_b200_20mhz_5slots_ratio4_25up_75down_rep5:3a58bc88a23a,source_has_reference_context,external_reference_evidence,True,2.0,campus_qos,,,,,,,scenario,srs_b200_20mhz_5slots_ratio4_25up_75down_rep5,2.0,,,,,,
edge_12c008840628a555ad,external_reference_evidence:source:campus_qos:7d40f1cbee10,external_reference_evidence:reference_context:scenario_srs_b200_40mhz_10slots_ratio1_50up_150down_rep2:4115845c1784,source_has_reference_context,external_reference_evidence,True,2.0,campus_qos,,,,,,,scenario,srs_b200_40mhz_10slots_ratio1_50up_150down_rep2,2.0,,,,,,
edge_0f54eb67e00a315fab,external_reference_evidence:source:campus_qos:7d40f1cbee10,external_reference_evidence:reference_context:scenario_srs_b200_20mhz_5slots_ratio2_25up_75down_rep2:006487567f15,source_has_reference_context,external_reference_evidence,True,2.0,campus_qos,,,,,,,scenario,srs_b200_20mhz_5slots_ratio2_25up_75down_rep2,2.0,,,,,,
edge_beb4cd8febf5c9d80f,external_reference_evidence:source:campus_qos:7d40f1cbee10,external_reference_evidence:reference_context:scenario_srs_b200_40mhz_10slots_ratio1_50up_150down_rep3:01a2ca57458b,source_has_reference_context,external_reference_evidence,True,2.0,campus_qos,,,,,,,scenario,srs_b200_40mhz_10slots_ratio1_50up_150down_rep3,2.0,,,,,,
edge_825bcc19de1eadee74,external_reference_evidence:source:campus_qos:7d40f1cbee10,external_reference_evidence:reference_context:scenario_srs_b200_40mhz_10slots_ratio1_50up_150down_rep4:68314813ffde,source_has_reference_context,external_reference_evidence,True,2.0,campus_qos,,,,,,,scenario,srs_b200_40mhz_10slots_ratio1_50up_150down_rep4,2.0,,,,,,
edge_1ce3f3393c13f41e47,external_reference_evidence:source:campus_qos:7d40f1cbee10,external_reference_evidence:reference_context:scenario_srs_b200_40mhz_10slots_ratio1_50up_150down_rep5:897d229d0695,source_has_reference_context,external_reference_evidence,True,2.0,campus_qos,,,,,,,scenario,srs_b200_40mhz_10slots_ratio1_50up_150down_rep5,2.0,,,,,,
edge_2e64984e5d72302c44,external_reference_evidence:source:campus_qos:7d40f1cbee10,external_reference_evidence:reference_context:scenario_srs_b200_40mhz_10slots_ratio2_50up_150down_rep1:f1757ad9a3ba,source_has_reference_context,external_reference_evidence,True,2.0,campus_qos,,,,,,,scenario,srs_b200_40mhz_10slots_ratio2_50up_150down_rep1,2.0,,,,,,
edge_832e4c0402e4648b1a,external_reference_evidence:source:campus_qos:7d40f1cbee10,external_reference_evidence:reference_context:scenario_srs_b200_40mhz_10slots_ratio2_50up_150down_rep2:d805bd6c490e,source_has_reference_context,external_reference_evidence,True,2.0,campus_qos,,,,,,,scenario,srs_b200_40mhz_10slots_ratio2_50up_150down_rep2,2.0,,,,,,
edge_76bcef41a42bbff8fc,external_reference_evidence:source:campus_qos:7d40f1cbee10,external_reference_evidence:reference_context:scenario_srs_b200_40mhz_10slots_ratio2_50up_150down_rep3:3c20883eae5d,source_has_reference_context,external_reference_evidence,True,2.0,campus_qos,,,,,,,scenario,srs_b200_40mhz_10slots_ratio2_50up_150down_rep3,2.0,,,,,,
edge_521400390cc6c65be2,external_reference_evidence:source:campus_qos:7d40f1cbee10,external_reference_evidence:reference_context:scenario_srs_b200_20mhz_5slots_ratio2_25up_75down_rep3:bd8be120e9c2,source_has_reference_context,external_reference_evidence,True,2.0,campus_qos,,,,,,,scenario,srs_b200_20mhz_5slots_ratio2_25up_75down_rep3,2.0,,,,,,
edge_5a124765801bee3228,external_reference_evidence:source:campus_qos:7d40f1cbee10,external_reference_evidence:reference_context:scenario_srs_b200_20mhz_5slots_ratio2_25up_75down_rep1:407e3173d856,source_has_reference_context,external_reference_evidence,True,2.0,campus_qos,,,,,,,scenario,srs_b200_20mhz_5slots_ratio2_25up_75down_rep1,2.0,,,,,,
edge_0eb5e5c78ddd0f0c43,external_reference_evidence:source:campus_qos:7d40f1cbee10,external_reference_evidence:reference_context:scenario_srs_b200_40mhz_10slots_ratio2_50up_150down_rep5:943ed56d1680,source_has_reference_context,external_reference_evidence,True,2.0,campus_qos,,,,,,,scenario,srs_b200_40mhz_10slots_ratio2_50up_150down_rep5,2.0,,,,,,
edge_71994035fd207f0022,external_reference_evidence:source:campus_qos:7d40f1cbee10,external_reference_evidence:reference_context:scenario_oai_b200_20mhz_10slots_ratio2_25up_75down_rep2:6ebbd008a9c8,source_has_reference_context,external_reference_evidence,True,2.0,campus_qos,,,,,,,scenario,oai_b200_20mhz_10slots_ratio2_25up_75down_rep2,2.0,,,,,,
edge_5e2547cacefe966c55,external_reference_evidence:source:campus_qos:7d40f1cbee10,external_reference_evidence:reference_context:scenario_srs_b200_20mhz_20slots_ratio1_25up_75down_rep5:d684a31d4dca,source_has_reference_context,external_reference_evidence,True,2.0,campus_qos,,,,,,,scenario,srs_b200_20mhz_20slots_ratio1_25up_75down_rep5,2.0,,,,,,
edge_9ceb24d31e5b81822b,external_reference_evidence:source:campus_qos:7d40f1cbee10,external_reference_evidence:reference_context:scenario_srs_b200_20mhz_20slots_ratio2_25up_75down_rep1:855b5ea0f2f0,source_has_reference_context,external_reference_evidence,True,2.0,campus_qos,,,,,,,scenario,srs_b200_20mhz_20slots_ratio2_25up_75down_rep1,2.0,,,,,,
edge_fe95b22c7fab1cb92c,external_reference_evidence:source:campus_qos:7d40f1cbee10,external_reference_evidence:reference_context:scenario_srs_b200_20mhz_20slots_ratio2_25up_75down_rep2:7ab5cad9050e,source_has_reference_context,external_reference_evidence,True,2.0,campus_qos,,,,,,,scenario,srs_b200_20mhz_20slots_ratio2_25up_75down_rep2,2.0,,,,,,
edge_610ba06f8373476253,external_reference_evidence:source:campus_qos:7d40f1cbee10,external_reference_evidence:reference_context:scenario_srs_b200_20mhz_20slots_ratio2_25up_75down_rep3:e7b29df6d7b3,source_has_reference_context,external_reference_evidence,True,2.0,campus_qos,,,,,,,scenario,srs_b200_20mhz_20slots_ratio2_25up_75down_rep3,2.0,,,,,,
edge_e43f719034fda4a2a7,external_reference_evidence:source:campus_qos:7d40f1cbee10,external_reference_evidence:reference_context:scenario_srs_b200_20mhz_20slots_ratio2_25up_75down_rep4:39ae63db4aa5,source_has_reference_context,external_reference_evidence,True,2.0,campus_qos,,,,,,,scenario,srs_b200_20mhz_20slots_ratio2_25up_75down_rep4,2.0,,,,,,
edge_3858d57a422628e2b3,external_reference_evidence:source:campus_qos:7d40f1cbee10,external_reference_evidence:reference_context:scenario_srs_b200_20mhz_20slots_ratio4_25up_75down_rep1:38a06377c8d9,source_has_reference_context,external_reference_evidence,True,2.0,campus_qos,,,,,,,scenario,srs_b200_20mhz_20slots_ratio4_25up_75down_rep1,2.0,,,,,,
edge_6e1271a479722055b3,external_reference_evidence:source:campus_qos:7d40f1cbee10,external_reference_evidence:reference_context:scenario_srs_b200_20mhz_20slots_ratio4_25up_75down_rep3:737f61492059,source_has_reference_context,external_reference_evidence,True,2.0,campus_qos,,,,,,,scenario,srs_b200_20mhz_20slots_ratio4_25up_75down_rep3,2.0,,,,,,
edge_8cb24c496079a63bbf,external_reference_evidence:source:campus_qos:7d40f1cbee10,external_reference_evidence:reference_context:scenario_srs_b200_20mhz_5slots_ratio1_25up_75down_rep5:82c49d582bc2,source_has_reference_context,external_reference_evidence,True,2.0,campus_qos,,,,,,,scenario,srs_b200_20mhz_5slots_ratio1_25up_75down_rep5,2.0,,,,,,
edge_c636c935f7e18070c5,external_reference_evidence:source:campus_qos:7d40f1cbee10,external_reference_evidence:reference_context:scenario_srs_b200_20mhz_20slots_ratio4_25up_75down_rep4:9cb08ac70fc9,source_has_reference_context,external_reference_evidence,True,2.0,campus_qos,,,,,,,scenario,srs_b200_20mhz_20slots_ratio4_25up_75down_rep4,2.0,,,,,,
edge_fc74a4b0a69f9a54f2,external_reference_evidence:source:campus_qos:7d40f1cbee10,external_reference_evidence:reference_context:scenario_srs_b200_20mhz_20slots_ratio4_25up_75down_rep5:c1b4166f2ce2,source_has_reference_context,external_reference_evidence,True,2.0,campus_qos,,,,,,,scenario,srs_b200_20mhz_20slots_ratio4_25up_75down_rep5,2.0,,,,,,
edge_4a502e5cf33fefc55b,external_reference_evidence:source:campus_qos:7d40f1cbee10,external_reference_evidence:reference_context:scenario_srs_b200_20mhz_5slots_ratio1_25up_75down_rep1:888c1a7e5a29,source_has_reference_context,external_reference_evidence,True,2.0,campus_qos,,,,,,,scenario,srs_b200_20mhz_5slots_ratio1_25up_75down_rep1,2.0,,,,,,
edge_4b44b602cc04f2c54f,external_reference_evidence:source:campus_qos:7d40f1cbee10,external_reference_evidence:reference_context:scenario_srs_b200_20mhz_5slots_ratio1_25up_75down_rep2:40d0b7cf275a,source_has_reference_context,external_reference_evidence,True,2.0,campus_qos,,,,,,,scenario,srs_b200_20mhz_5slots_ratio1_25up_75down_rep2,2.0,,,,,,
edge_13f88db19f6cd97b15,external_reference_evidence:source:campus_qos:7d40f1cbee10,external_reference_evidence:reference_context:scenario_srs_b200_20mhz_5slots_ratio1_25up_75down_rep3:9ff4e4a9656d,source_has_reference_context,external_reference_evidence,True,2.0,campus_qos,,,,,,,scenario,srs_b200_20mhz_5slots_ratio1_25up_75down_rep3,2.0,,,,,,
edge_d5f4e5ac701d5f2388,external_reference_evidence:source:campus_qos:7d40f1cbee10,external_reference_evidence:reference_context:scenario_srs_b200_20mhz_5slots_ratio1_25up_75down_rep4:cd4dd7a35347,source_has_reference_context,external_reference_evidence,True,2.0,campus_qos,,,,,,,scenario,srs_b200_20mhz_5slots_ratio1_25up_75down_rep4,2.0,,,,,,
edge_62f47826f613e55ef7,external_reference_evidence:source:campus_qos:7d40f1cbee10,external_reference_evidence:reference_context:scenario_srs_b200_40mhz_10slots_ratio2_50up_150down_rep4:ffd1576a0f9f,source_has_reference_context,external_reference_evidence,True,2.0,campus_qos,,,,,,,scenario,srs_b200_40mhz_10slots_ratio2_50up_150down_rep4,2.0,,,,,,
edge_90a0a146ee5f19c20a,external_reference_evidence:source:campus_qos:7d40f1cbee10,external_reference_evidence:reference_context:scenario_srs_b200_40mhz_10slots_ratio4_50up_150down_rep1:65dcb4512206,source_has_reference_context,external_reference_evidence,True,2.0,campus_qos,,,,,,,scenario,srs_b200_40mhz_10slots_ratio4_50up_150down_rep1,2.0,,,,,,
edge_5805c07905d170185d,external_reference_evidence:source:campus_qos:7d40f1cbee10,external_reference_evidence:reference_context:scenario_srs_b200_20mhz_20slots_ratio1_25up_75down_rep3:e2482e6b6fcf,source_has_reference_context,external_reference_evidence,True,2.0,campus_qos,,,,,,,scenario,srs_b200_20mhz_20slots_ratio1_25up_75down_rep3,2.0,,,,,,
edge_a80d2188fad34d27c4,external_reference_evidence:source:campus_qos:7d40f1cbee10,external_reference_evidence:reference_context:scenario_srs_b200_40mhz_5slots_ratio2_50up_150down_rep3:b613241da016,source_has_reference_context,external_reference_evidence,True,2.0,campus_qos,,,,,,,scenario,srs_b200_40mhz_5slots_ratio2_50up_150down_rep3,2.0,,,,,,
edge_59f7c130e6931fc98e,external_reference_evidence:source:campus_qos:7d40f1cbee10,external_reference_evidence:reference_context:scenario_srs_b200_40mhz_5slots_ratio1_50up_150down_rep1:a69b802e043f,source_has_reference_context,external_reference_evidence,True,2.0,campus_qos,,,,,,,scenario,srs_b200_40mhz_5slots_ratio1_50up_150down_rep1,2.0,,,,,,
edge_0e2a7f8a7632a63605,external_reference_evidence:source:campus_qos:7d40f1cbee10,external_reference_evidence:reference_context:scenario_srs_b200_40mhz_5slots_ratio1_50up_150down_rep2:54d9591a7030,source_has_reference_context,external_reference_evidence,True,2.0,campus_qos,,,,,,,scenario,srs_b200_40mhz_5slots_ratio1_50up_150down_rep2,2.0,,,,,,
edge_5db7267aa1708eb879,external_reference_evidence:source:campus_qos:7d40f1cbee10,external_reference_evidence:reference_context:scenario_srs_b200_40mhz_5slots_ratio1_50up_150down_rep3:186947d17e49,source_has_reference_context,external_reference_evidence,True,2.0,campus_qos,,,,,,,scenario,srs_b200_40mhz_5slots_ratio1_50up_150down_rep3,2.0,,,,,,
edge_ff443493214930469d,external_reference_evidence:source:campus_qos:7d40f1cbee10,external_reference_evidence:reference_context:scenario_srs_b200_40mhz_5slots_ratio1_50up_150down_rep4:aabfc2f647c7,source_has_reference_context,external_reference_evidence,True,2.0,campus_qos,,,,,,,scenario,srs_b200_40mhz_5slots_ratio1_50up_150down_rep4,2.0,,,,,,
edge_42ae8cb0ef284d7557,external_reference_evidence:source:campus_qos:7d40f1cbee10,external_reference_evidence:reference_context:scenario_srs_b200_40mhz_5slots_ratio2_50up_150down_rep1:577bb91653db,source_has_reference_context,external_reference_evidence,True,2.0,campus_qos,,,,,,,scenario,srs_b200_40mhz_5slots_ratio2_50up_150down_rep1,2.0,,,,,,
edge_2378e3b44579207590,external_reference_evidence:source:campus_qos:7d40f1cbee10,external_reference_evidence:reference_context:scenario_srs_b200_40mhz_5slots_ratio2_50up_150down_rep2:a311096b6445,source_has_reference_context,external_reference_evidence,True,2.0,campus_qos,,,,,,,scenario,srs_b200_40mhz_5slots_ratio2_50up_150down_rep2,2.0,,,,,,
edge_949bb35b0397b80388,external_reference_evidence:source:campus_qos:7d40f1cbee10,external_reference_evidence:reference_context:scenario_srs_b200_40mhz_5slots_ratio2_50up_150down_rep4:7c2602117bbe,source_has_reference_context,external_reference_evidence,True,2.0,campus_qos,,,,,,,scenario,srs_b200_40mhz_5slots_ratio2_50up_150down_rep4,2.0,,,,,,
edge_4e3e997a1d2ead00cf,external_reference_evidence:source:campus_qos:7d40f1cbee10,external_reference_evidence:reference_context:scenario_srs_b200_40mhz_20slots_ratio4_50up_150down_rep4:1ad836999e44,source_has_reference_context,external_reference_evidence,True,2.0,campus_qos,,,,,,,scenario,srs_b200_40mhz_20slots_ratio4_50up_150down_rep4,2.0,,,,,,
edge_3ce1a56655e90812ec,external_reference_evidence:source:campus_qos:7d40f1cbee10,external_reference_evidence:reference_context:scenario_srs_b200_40mhz_5slots_ratio2_50up_150down_rep5:88f45c398846,source_has_reference_context,external_reference_evidence,True,2.0,campus_qos,,,,,,,scenario,srs_b200_40mhz_5slots_ratio2_50up_150down_rep5,2.0,,,,,,
edge_a3ea48105b8b7a680e,external_reference_evidence:source:campus_qos:7d40f1cbee10,external_reference_evidence:reference_context:scenario_srs_b200_40mhz_5slots_ratio4_50up_150down_rep1:20bb535abd8c,source_has_reference_context,external_reference_evidence,True,2.0,campus_qos,,,,,,,scenario,srs_b200_40mhz_5slots_ratio4_50up_150down_rep1,2.0,,,,,,
edge_5a620cdf473635f288,external_reference_evidence:source:campus_qos:7d40f1cbee10,external_reference_evidence:reference_context:scenario_srs_b200_40mhz_5slots_ratio4_50up_150down_rep2:4b21ede951d3,source_has_reference_context,external_reference_evidence,True,2.0,campus_qos,,,,,,,scenario,srs_b200_40mhz_5slots_ratio4_50up_150down_rep2,2.0,,,,,,
edge_5916a5061dddb58306,external_reference_evidence:source:campus_qos:7d40f1cbee10,external_reference_evidence:reference_context:scenario_srs_b200_40mhz_5slots_ratio4_50up_150down_rep3:318e125ba3ea,source_has_reference_context,external_reference_evidence,True,2.0,campus_qos,,,,,,,scenario,srs_b200_40mhz_5slots_ratio4_50up_150down_rep3,2.0,,,,,,
edge_1f8e19767affcb9a07,external_reference_evidence:source:campus_qos:7d40f1cbee10,external_reference_evidence:reference_context:scenario_srs_b200_40mhz_5slots_ratio4_50up_150down_rep4:4b3bb3635a54,source_has_reference_context,external_reference_evidence,True,2.0,campus_qos,,,,,,,scenario,srs_b200_40mhz_5slots_ratio4_50up_150down_rep4,2.0,,,,,,
edge_bd4cd9effcb4a88175,external_reference_evidence:source:campus_qos:7d40f1cbee10,external_reference_evidence:reference_context:scenario_srs_b200_40mhz_5slots_ratio4_50up_150down_rep5:e6039757535e,source_has_reference_context,external_reference_evidence,True,2.0,campus_qos,,,,,,,scenario,srs_b200_40mhz_5slots_ratio4_50up_150down_rep5,2.0,,,,,,
edge_234210648a5a825e18,external_reference_evidence:source:campus_qos:7d40f1cbee10,external_reference_evidence:reference_context:scenario_srs_b200_40mhz_20slots_ratio4_50up_150down_rep5:324b66c77da6,source_has_reference_context,external_reference_evidence,True,2.0,campus_qos,,,,,,,scenario,srs_b200_40mhz_20slots_ratio4_50up_150down_rep5,2.0,,,,,,
edge_776a27fcf9d72b3913,external_reference_evidence:source:campus_qos:7d40f1cbee10,external_reference_evidence:reference_context:scenario_srs_b200_40mhz_20slots_ratio4_50up_150down_rep3:a849f1c93d6a,source_has_reference_context,external_reference_evidence,True,2.0,campus_qos,,,,,,,scenario,srs_b200_40mhz_20slots_ratio4_50up_150down_rep3,2.0,,,,,,
edge_d2dabdcb452ea14f87,external_reference_evidence:source:campus_qos:7d40f1cbee10,external_reference_evidence:reference_context:scenario_srs_b200_40mhz_10slots_ratio4_50up_150down_rep2:e559967f1016,source_has_reference_context,external_reference_evidence,True,2.0,campus_qos,,,,,,,scenario,srs_b200_40mhz_10slots_ratio4_50up_150down_rep2,2.0,,,,,,
edge_096acced9899a805b6,external_reference_evidence:source:campus_qos:7d40f1cbee10,external_reference_evidence:reference_context:scenario_srs_b200_40mhz_20slots_ratio1_50up_150down_rep4:1b97db2b9a72,source_has_reference_context,external_reference_evidence,True,2.0,campus_qos,,,,,,,scenario,srs_b200_40mhz_20slots_ratio1_50up_150down_rep4,2.0,,,,,,
edge_824715460b3dce9abd,external_reference_evidence:source:campus_qos:7d40f1cbee10,external_reference_evidence:reference_context:scenario_srs_b200_40mhz_10slots_ratio4_50up_150down_rep3:71515aba5ce4,source_has_reference_context,external_reference_evidence,True,2.0,campus_qos,,,,,,,scenario,srs_b200_40mhz_10slots_ratio4_50up_150down_rep3,2.0,,,,,,
edge_0cedba2f7c278692a8,external_reference_evidence:source:campus_qos:7d40f1cbee10,external_reference_evidence:reference_context:scenario_srs_b200_40mhz_10slots_ratio4_50up_150down_rep4:b8e29600b22d,source_has_reference_context,external_reference_evidence,True,2.0,campus_qos,,,,,,,scenario,srs_b200_40mhz_10slots_ratio4_50up_150down_rep4,2.0,,,,,,
edge_82b6ed00571359096b,external_reference_evidence:source:campus_qos:7d40f1cbee10,external_reference_evidence:reference_context:scenario_srs_b200_40mhz_10slots_ratio4_50up_150down_rep5:e0ecca97dbbd,source_has_reference_context,external_reference_evidence,True,2.0,campus_qos,,,,,,,scenario,srs_b200_40mhz_10slots_ratio4_50up_150down_rep5,2.0,,,,,,
edge_bc8fb8920b5979757f,external_reference_evidence:source:campus_qos:7d40f1cbee10,external_reference_evidence:reference_context:scenario_srs_b200_40mhz_20slots_ratio1_50up_150down_rep1:9295961e5e44,source_has_reference_context,external_reference_evidence,True,2.0,campus_qos,,,,,,,scenario,srs_b200_40mhz_20slots_ratio1_50up_150down_rep1,2.0,,,,,,
edge_8bf0f2c63a6a4f0ce0,external_reference_evidence:source:campus_qos:7d40f1cbee10,external_reference_evidence:reference_context:scenario_srs_b200_40mhz_20slots_ratio1_50up_150down_rep2:a6556553b8c6,source_has_reference_context,external_reference_evidence,True,2.0,campus_qos,,,,,,,scenario,srs_b200_40mhz_20slots_ratio1_50up_150down_rep2,2.0,,,,,,
edge_96cd60393594de486f,external_reference_evidence:source:campus_qos:7d40f1cbee10,external_reference_evidence:reference_context:scenario_srs_b200_40mhz_20slots_ratio1_50up_150down_rep3:9c79c160bf8c,source_has_reference_context,external_reference_evidence,True,2.0,campus_qos,,,,,,,scenario,srs_b200_40mhz_20slots_ratio1_50up_150down_rep3,2.0,,,,,,
edge_04a7ee9c5c35919782,external_reference_evidence:source:campus_qos:7d40f1cbee10,external_reference_evidence:reference_context:scenario_srs_b200_40mhz_20slots_ratio1_50up_150down_rep5:8cedf6d6ed35,source_has_reference_context,external_reference_evidence,True,2.0,campus_qos,,,,,,,scenario,srs_b200_40mhz_20slots_ratio1_50up_150down_rep5,2.0,,,,,,
edge_013307204a73e94b8c,external_reference_evidence:source:campus_qos:7d40f1cbee10,external_reference_evidence:reference_context:scenario_srs_b200_40mhz_20slots_ratio4_50up_150down_rep2:16c226b897c0,source_has_reference_context,external_reference_evidence,True,2.0,campus_qos,,,,,,,scenario,srs_b200_40mhz_20slots_ratio4_50up_150down_rep2,2.0,,,,,,
edge_f9dd05b6fc7f2ddcad,external_reference_evidence:source:campus_qos:7d40f1cbee10,external_reference_evidence:reference_context:scenario_srs_b200_40mhz_20slots_ratio2_50up_150down_rep1:901c29d3dcf8,source_has_reference_context,external_reference_evidence,True,2.0,campus_qos,,,,,,,scenario,srs_b200_40mhz_20slots_ratio2_50up_150down_rep1,2.0,,,,,,
edge_55c3a65b6c0526ca69,external_reference_evidence:source:campus_qos:7d40f1cbee10,external_reference_evidence:reference_context:scenario_srs_b200_40mhz_20slots_ratio2_50up_150down_rep2:4f2dfc4d371b,source_has_reference_context,external_reference_evidence,True,2.0,campus_qos,,,,,,,scenario,srs_b200_40mhz_20slots_ratio2_50up_150down_rep2,2.0,,,,,,
edge_ea4bb33f649685ccc1,external_reference_evidence:source:campus_qos:7d40f1cbee10,external_reference_evidence:reference_context:scenario_srs_b200_40mhz_20slots_ratio2_50up_150down_rep3:9334934f7939,source_has_reference_context,external_reference_evidence,True,2.0,campus_qos,,,,,,,scenario,srs_b200_40mhz_20slots_ratio2_50up_150down_rep3,2.0,,,,,,
edge_afffb7adc427822d20,external_reference_evidence:source:campus_qos:7d40f1cbee10,external_reference_evidence:reference_context:scenario_srs_b200_40mhz_20slots_ratio2_50up_150down_rep4:79610fe7c555,source_has_reference_context,external_reference_evidence,True,2.0,campus_qos,,,,,,,scenario,srs_b200_40mhz_20slots_ratio2_50up_150down_rep4,2.0,,,,,,
edge_d10ddbe04630f3a50a,external_reference_evidence:source:campus_qos:7d40f1cbee10,external_reference_evidence:reference_context:scenario_srs_b200_40mhz_20slots_ratio2_50up_150down_rep5:c18826e6229f,source_has_reference_context,external_reference_evidence,True,2.0,campus_qos,,,,,,,scenario,srs_b200_40mhz_20slots_ratio2_50up_150down_rep5,2.0,,,,,,
edge_0a8c8b045e3d452fff,external_reference_evidence:source:campus_qos:7d40f1cbee10,external_reference_evidence:reference_context:scenario_srs_b200_40mhz_20slots_ratio4_50up_150down_rep1:0bdfedeb9aa0,source_has_reference_context,external_reference_evidence,True,2.0,campus_qos,,,,,,,scenario,srs_b200_40mhz_20slots_ratio4_50up_150down_rep1,2.0,,,,,,
edge_eac3ac94fcdcd261fb,external_reference_evidence:source:campus_qos:7d40f1cbee10,external_reference_evidence:reference_context:scenario_srs_b200_20mhz_20slots_ratio1_25up_75down_rep4:724c2f6c19f4,source_has_reference_context,external_reference_evidence,True,2.0,campus_qos,,,,,,,scenario,srs_b200_20mhz_20slots_ratio1_25up_75down_rep4,2.0,,,,,,
edge_a50aeadf2cc6c1acb2,external_reference_evidence:source:campus_qos:7d40f1cbee10,external_reference_evidence:reference_context:scenario_srs_b200_20mhz_20slots_ratio4_25up_75down_rep2:a3cfee08a41a,source_has_reference_context,external_reference_evidence,True,2.0,campus_qos,,,,,,,scenario,srs_b200_20mhz_20slots_ratio4_25up_75down_rep2,2.0,,,,,,
edge_5aca6af49c60e604d1,external_reference_evidence:source:campus_qos:7d40f1cbee10,external_reference_evidence:reference_context:scenario_srs_b200_20mhz_20slots_ratio1_25up_75down_rep2:bd6c66b9b63e,source_has_reference_context,external_reference_evidence,True,2.0,campus_qos,,,,,,,scenario,srs_b200_20mhz_20slots_ratio1_25up_75down_rep2,2.0,,,,,,
edge_e1072d531864d1fc81,external_reference_evidence:source:campus_qos:7d40f1cbee10,external_reference_evidence:reference_context:scenario_oai_b200_40mhz_10slots_ratio2_50up_150down_rep1:7cc9fa5ae503,source_has_reference_context,external_reference_evidence,True,2.0,campus_qos,,,,,,,scenario,oai_b200_40mhz_10slots_ratio2_50up_150down_rep1,2.0,,,,,,
edge_d3191a35b2a5e8fe8f,external_reference_evidence:source:campus_qos:7d40f1cbee10,external_reference_evidence:reference_context:scenario_oai_b200_20mhz_5slots_ratio2_25up_75down_rep2:aec58f27f989,source_has_reference_context,external_reference_evidence,True,2.0,campus_qos,,,,,,,scenario,oai_b200_20mhz_5slots_ratio2_25up_75down_rep2,2.0,,,,,,
edge_338ec1ed01ec5ce4fd,external_reference_evidence:source:campus_qos:7d40f1cbee10,external_reference_evidence:reference_context:scenario_oai_b200_20mhz_5slots_ratio2_25up_75down_rep4:bc08f045d0c9,source_has_reference_context,external_reference_evidence,True,2.0,campus_qos,,,,,,,scenario,oai_b200_20mhz_5slots_ratio2_25up_75down_rep4,2.0,,,,,,
edge_adacbbee9bddb073b2,external_reference_evidence:source:campus_qos:7d40f1cbee10,external_reference_evidence:reference_context:scenario_oai_b200_20mhz_5slots_ratio2_25up_75down_rep5:156968f4de09,source_has_reference_context,external_reference_evidence,True,2.0,campus_qos,,,,,,,scenario,oai_b200_20mhz_5slots_ratio2_25up_75down_rep5,2.0,,,,,,
edge_a7ad3813e86ef4541a,external_reference_evidence:source:campus_qos:7d40f1cbee10,external_reference_evidence:reference_context:scenario_oai_b200_20mhz_5slots_ratio4_25up_75down_rep2:f8c47a8b27e8,source_has_reference_context,external_reference_evidence,True,2.0,campus_qos,,,,,,,scenario,oai_b200_20mhz_5slots_ratio4_25up_75down_rep2,2.0,,,,,,
edge_5407e0e24329b65b74,external_reference_evidence:source:campus_qos:7d40f1cbee10,external_reference_evidence:reference_context:scenario_oai_b200_20mhz_5slots_ratio4_25up_75down_rep3:1a339d41661f,source_has_reference_context,external_reference_evidence,True,2.0,campus_qos,,,,,,,scenario,oai_b200_20mhz_5slots_ratio4_25up_75down_rep3,2.0,,,,,,
edge_c3391744ff900c2224,external_reference_evidence:source:campus_qos:7d40f1cbee10,external_reference_evidence:reference_context:scenario_oai_b200_20mhz_5slots_ratio4_25up_75down_rep5:824fdece825e,source_has_reference_context,external_reference_evidence,True,2.0,campus_qos,,,,,,,scenario,oai_b200_20mhz_5slots_ratio4_25up_75down_rep5,2.0,,,,,,
edge_2769a41f3f285793ec,external_reference_evidence:source:campus_qos:7d40f1cbee10,external_reference_evidence:reference_context:scenario_srs_b200_20mhz_20slots_ratio1_25up_75down_rep1:4c7372b4a18b,source_has_reference_context,external_reference_evidence,True,2.0,campus_qos,,,,,,,scenario,srs_b200_20mhz_20slots_ratio1_25up_75down_rep1,2.0,,,,,,
edge_6e127ad42d11b7306c,external_reference_evidence:source:campus_qos:7d40f1cbee10,external_reference_evidence:reference_context:scenario_oai_b200_20mhz_5slots_ratio1_25up_75down_rep5:c2fc34066292,source_has_reference_context,external_reference_evidence,True,2.0,campus_qos,,,,,,,scenario,oai_b200_20mhz_5slots_ratio1_25up_75down_rep5,2.0,,,,,,
edge_db75f8e449956136b4,external_reference_evidence:source:campus_qos:7d40f1cbee10,external_reference_evidence:reference_context:scenario_oai_b200_40mhz_10slots_ratio2_50up_150down_rep3:d7b5147aaf37,source_has_reference_context,external_reference_evidence,True,2.0,campus_qos,,,,,,,scenario,oai_b200_40mhz_10slots_ratio2_50up_150down_rep3,2.0,,,,,,
edge_dcf12bada36c5e6f2c,external_reference_evidence:source:campus_qos:7d40f1cbee10,external_reference_evidence:reference_context:scenario_oai_b200_40mhz_10slots_ratio2_50up_150down_rep5:b02bd65fe093,source_has_reference_context,external_reference_evidence,True,2.0,campus_qos,,,,,,,scenario,oai_b200_40mhz_10slots_ratio2_50up_150down_rep5,2.0,,,,,,
edge_88e46688e7664f65fb,external_reference_evidence:source:campus_qos:7d40f1cbee10,external_reference_evidence:reference_context:scenario_oai_b200_40mhz_10slots_ratio4_50up_150down_rep1:296843547335,source_has_reference_context,external_reference_evidence,True,2.0,campus_qos,,,,,,,scenario,oai_b200_40mhz_10slots_ratio4_50up_150down_rep1,2.0,,,,,,
edge_fd2c72299e6e01cf47,external_reference_evidence:source:campus_qos:7d40f1cbee10,external_reference_evidence:reference_context:scenario_oai_b200_40mhz_10slots_ratio4_50up_150down_rep2:3bf229af9329,source_has_reference_context,external_reference_evidence,True,2.0,campus_qos,,,,,,,scenario,oai_b200_40mhz_10slots_ratio4_50up_150down_rep2,2.0,,,,,,
edge_9ee231e813117cd3ab,external_reference_evidence:source:campus_qos:7d40f1cbee10,external_reference_evidence:reference_context:scenario_oai_b200_40mhz_10slots_ratio4_50up_150down_rep3:84d058d0502d,source_has_reference_context,external_reference_evidence,True,2.0,campus_qos,,,,,,,scenario,oai_b200_40mhz_10slots_ratio4_50up_150down_rep3,2.0,,,,,,
edge_70f7ff2060501ab16b,external_reference_evidence:source:campus_qos:7d40f1cbee10,external_reference_evidence:reference_context:scenario_oai_b200_40mhz_10slots_ratio4_50up_150down_rep4:c02673c98813,source_has_reference_context,external_reference_evidence,True,2.0,campus_qos,,,,,,,scenario,oai_b200_40mhz_10slots_ratio4_50up_150down_rep4,2.0,,,,,,
edge_ea7bd69f0ffe0abdfc,external_reference_evidence:source:campus_qos:7d40f1cbee10,external_reference_evidence:reference_context:scenario_oai_b200_20mhz_5slots_ratio2_25up_75down_rep1:b04d05fbe915,source_has_reference_context,external_reference_evidence,True,2.0,campus_qos,,,,,,,scenario,oai_b200_20mhz_5slots_ratio2_25up_75down_rep1,2.0,,,,,,
edge_0f6efe42f4995c42ee,external_reference_evidence:source:campus_qos:7d40f1cbee10,external_reference_evidence:reference_context:scenario_oai_b200_20mhz_5slots_ratio1_25up_75down_rep4:43045290c6f5,source_has_reference_context,external_reference_evidence,True,2.0,campus_qos,,,,,,,scenario,oai_b200_20mhz_5slots_ratio1_25up_75down_rep4,2.0,,,,,,
edge_679fa76123df7d39ec,external_reference_evidence:source:campus_qos:7d40f1cbee10,external_reference_evidence:reference_context:scenario_oai_b200_40mhz_20slots_ratio1_50up_150down_rep2:2c7d9865d38d,source_has_reference_context,external_reference_evidence,True,2.0,campus_qos,,,,,,,scenario,oai_b200_40mhz_20slots_ratio1_50up_150down_rep2,2.0,,,,,,
edge_f7f31d8f46abf03cc2,external_reference_evidence:source:campus_qos:7d40f1cbee10,external_reference_evidence:reference_context:scenario_oai_b200_20mhz_20slots_ratio1_25up_75down_rep3:5925792bad04,source_has_reference_context,external_reference_evidence,True,2.0,campus_qos,,,,,,,scenario,oai_b200_20mhz_20slots_ratio1_25up_75down_rep3,2.0,,,,,,
edge_8de82f1b1505b72c40,external_reference_evidence:source:campus_qos:7d40f1cbee10,external_reference_evidence:reference_context:scenario_oai_b200_20mhz_10slots_ratio2_25up_75down_rep3:1bf494f3353b,source_has_reference_context,external_reference_evidence,True,2.0,campus_qos,,,,,,,scenario,oai_b200_20mhz_10slots_ratio2_25up_75down_rep3,2.0,,,,,,
edge_32820f37a2f0133f96,external_reference_evidence:source:campus_qos:7d40f1cbee10,external_reference_evidence:reference_context:scenario_oai_b200_20mhz_10slots_ratio2_25up_75down_rep4:2f82456649f3,source_has_reference_context,external_reference_evidence,True,2.0,campus_qos,,,,,,,scenario,oai_b200_20mhz_10slots_ratio2_25up_75down_rep4,2.0,,,,,,
edge_33ddb2ad7b0077fb2b,external_reference_evidence:source:campus_qos:7d40f1cbee10,external_reference_evidence:reference_context:scenario_oai_b200_20mhz_10slots_ratio2_25up_75down_rep5:9a46d3b4cdf9,source_has_reference_context,external_reference_evidence,True,2.0,campus_qos,,,,,,,scenario,oai_b200_20mhz_10slots_ratio2_25up_75down_rep5,2.0,,,,,,
edge_894c4f87b93de44448,external_reference_evidence:source:campus_qos:7d40f1cbee10,external_reference_evidence:reference_context:scenario_oai_b200_20mhz_10slots_ratio4_25up_75down_rep1:f13b8307c286,source_has_reference_context,external_reference_evidence,True,2.0,campus_qos,,,,,,,scenario,oai_b200_20mhz_10slots_ratio4_25up_75down_rep1,2.0,,,,,,
edge_067423e76686bcd8dc,external_reference_evidence:source:campus_qos:7d40f1cbee10,external_reference_evidence:reference_context:scenario_oai_b200_20mhz_10slots_ratio4_25up_75down_rep2:75679cd7b6c5,source_has_reference_context,external_reference_evidence,True,2.0,campus_qos,,,,,,,scenario,oai_b200_20mhz_10slots_ratio4_25up_75down_rep2,2.0,,,,,,
edge_5e465599a699534a08,external_reference_evidence:source:campus_qos:7d40f1cbee10,external_reference_evidence:reference_context:scenario_oai_b200_20mhz_10slots_ratio4_25up_75down_rep5:4215626180f8,source_has_reference_context,external_reference_evidence,True,2.0,campus_qos,,,,,,,scenario,oai_b200_20mhz_10slots_ratio4_25up_75down_rep5,2.0,,,,,,
edge_a54703fc267e38e730,external_reference_evidence:source:campus_qos:7d40f1cbee10,external_reference_evidence:reference_context:scenario_oai_b200_20mhz_20slots_ratio1_25up_75down_rep4:143ca7391793,source_has_reference_context,external_reference_evidence,True,2.0,campus_qos,,,,,,,scenario,oai_b200_20mhz_20slots_ratio1_25up_75down_rep4,2.0,,,,,,
edge_43b4fd3d8d713c7fc2,external_reference_evidence:source:campus_qos:7d40f1cbee10,external_reference_evidence:reference_context:scenario_oai_b200_20mhz_5slots_ratio1_25up_75down_rep3:17e0e8531edf,source_has_reference_context,external_reference_evidence,True,2.0,campus_qos,,,,,,,scenario,oai_b200_20mhz_5slots_ratio1_25up_75down_rep3,2.0,,,,,,
edge_1a42d654ddd5ac9daf,external_reference_evidence:source:campus_qos:7d40f1cbee10,external_reference_evidence:reference_context:scenario_oai_b200_20mhz_20slots_ratio1_25up_75down_rep5:c4f46a91cba2,source_has_reference_context,external_reference_evidence,True,2.0,campus_qos,,,,,,,scenario,oai_b200_20mhz_20slots_ratio1_25up_75down_rep5,2.0,,,,,,
edge_9e1c587342054828e6,external_reference_evidence:source:campus_qos:7d40f1cbee10,external_reference_evidence:reference_context:scenario_oai_b200_20mhz_20slots_ratio2_25up_75down_rep1:42e14a1583be,source_has_reference_context,external_reference_evidence,True,2.0,campus_qos,,,,,,,scenario,oai_b200_20mhz_20slots_ratio2_25up_75down_rep1,2.0,,,,,,
edge_4454015f338c3286b3,external_reference_evidence:source:campus_qos:7d40f1cbee10,external_reference_evidence:reference_context:scenario_oai_b200_20mhz_20slots_ratio2_25up_75down_rep2:c9d310289bad,source_has_reference_context,external_reference_evidence,True,2.0,campus_qos,,,,,,,scenario,oai_b200_20mhz_20slots_ratio2_25up_75down_rep2,2.0,,,,,,
edge_06a73b357b83b05062,external_reference_evidence:source:campus_qos:7d40f1cbee10,external_reference_evidence:reference_context:scenario_oai_b200_20mhz_20slots_ratio2_25up_75down_rep4:ad26b57dee40,source_has_reference_context,external_reference_evidence,True,2.0,campus_qos,,,,,,,scenario,oai_b200_20mhz_20slots_ratio2_25up_75down_rep4,2.0,,,,,,
edge_84a4042bc4031ae7a4,external_reference_evidence:source:campus_qos:7d40f1cbee10,external_reference_evidence:reference_context:scenario_oai_b200_20mhz_20slots_ratio2_25up_75down_rep5:4c96ac957101,source_has_reference_context,external_reference_evidence,True,2.0,campus_qos,,,,,,,scenario,oai_b200_20mhz_20slots_ratio2_25up_75down_rep5,2.0,,,,,,
edge_60a83015219cd21777,external_reference_evidence:source:campus_qos:7d40f1cbee10,external_reference_evidence:reference_context:scenario_oai_b200_20mhz_5slots_ratio1_25up_75down_rep1:b69e829ef6b7,source_has_reference_context,external_reference_evidence,True,2.0,campus_qos,,,,,,,scenario,oai_b200_20mhz_5slots_ratio1_25up_75down_rep1,2.0,,,,,,
edge_fcc77d138b2c95262a,external_reference_evidence:source:campus_qos:7d40f1cbee10,external_reference_evidence:reference_context:scenario_oai_b200_40mhz_20slots_ratio1_50up_150down_rep1:92c9aa0f3d55,source_has_reference_context,external_reference_evidence,True,2.0,campus_qos,,,,,,,scenario,oai_b200_40mhz_20slots_ratio1_50up_150down_rep1,2.0,,,,,,
edge_f6494e4042ae28e4c4,external_reference_evidence:source:campus_qos:7d40f1cbee10,external_reference_evidence:reference_context:scenario_oai_b200_40mhz_10slots_ratio2_50up_150down_rep2:799ffc201172,source_has_reference_context,external_reference_evidence,True,2.0,campus_qos,,,,,,,scenario,oai_b200_40mhz_10slots_ratio2_50up_150down_rep2,2.0,,,,,,
edge_40f074e432d6a3e2e7,external_reference_evidence:source:campus_qos:7d40f1cbee10,external_reference_evidence:reference_context:scenario_oai_b200_40mhz_20slots_ratio1_50up_150down_rep3:3ce0d477c0ad,source_has_reference_context,external_reference_evidence,True,2.0,campus_qos,,,,,,,scenario,oai_b200_40mhz_20slots_ratio1_50up_150down_rep3,2.0,,,,,,
edge_ffcb3c0e2a5ea6bb97,external_reference_evidence:source:campus_qos:7d40f1cbee10,external_reference_evidence:reference_context:scenario_oai_b200_40mhz_20slots_ratio1_50up_150down_rep4:fbf7c6351894,source_has_reference_context,external_reference_evidence,True,2.0,campus_qos,,,,,,,scenario,oai_b200_40mhz_20slots_ratio1_50up_150down_rep4,2.0,,,,,,
edge_f05efcfdf3e8f68b85,external_reference_evidence:source:campus_qos:7d40f1cbee10,external_reference_evidence:reference_context:scenario_srs_b200_20mhz_10slots_ratio1_25up_75down_rep2:f042f7ddfc85,source_has_reference_context,external_reference_evidence,True,2.0,campus_qos,,,,,,,scenario,srs_b200_20mhz_10slots_ratio1_25up_75down_rep2,2.0,,,,,,
edge_5e348eec7114f8100c,external_reference_evidence:source:campus_qos:7d40f1cbee10,external_reference_evidence:reference_context:scenario_srs_b200_20mhz_10slots_ratio1_25up_75down_rep3:b7c66be06ca4,source_has_reference_context,external_reference_evidence,True,2.0,campus_qos,,,,,,,scenario,srs_b200_20mhz_10slots_ratio1_25up_75down_rep3,2.0,,,,,,
edge_f9cf75fcc26f8061ca,external_reference_evidence:source:campus_qos:7d40f1cbee10,external_reference_evidence:reference_context:scenario_srs_b200_20mhz_10slots_ratio1_25up_75down_rep4:25eef53c10d6,source_has_reference_context,external_reference_evidence,True,2.0,campus_qos,,,,,,,scenario,srs_b200_20mhz_10slots_ratio1_25up_75down_rep4,2.0,,,,,,
edge_3888993a96067cd24d,external_reference_evidence:source:campus_qos:7d40f1cbee10,external_reference_evidence:reference_context:scenario_srs_b200_20mhz_10slots_ratio1_25up_75down_rep5:5d4869588b58,source_has_reference_context,external_reference_evidence,True,2.0,campus_qos,,,,,,,scenario,srs_b200_20mhz_10slots_ratio1_25up_75down_rep5,2.0,,,,,,
edge_4c94049d233a5c4147,external_reference_evidence:source:campus_qos:7d40f1cbee10,external_reference_evidence:reference_context:scenario_srs_b200_20mhz_10slots_ratio2_25up_75down_rep1:4cf3092a27e9,source_has_reference_context,external_reference_evidence,True,2.0,campus_qos,,,,,,,scenario,srs_b200_20mhz_10slots_ratio2_25up_75down_rep1,2.0,,,,,,
edge_9d4f038d741be297dd,external_reference_evidence:source:campus_qos:7d40f1cbee10,external_reference_evidence:reference_context:scenario_srs_b200_20mhz_10slots_ratio2_25up_75down_rep2:175758342274,source_has_reference_context,external_reference_evidence,True,2.0,campus_qos,,,,,,,scenario,srs_b200_20mhz_10slots_ratio2_25up_75down_rep2,2.0,,,,,,
edge_6cfb6599661e4ef4cc,external_reference_evidence:source:campus_qos:7d40f1cbee10,external_reference_evidence:reference_context:scenario_srs_b200_20mhz_10slots_ratio2_25up_75down_rep4:f947c4223ce8,source_has_reference_context,external_reference_evidence,True,2.0,campus_qos,,,,,,,scenario,srs_b200_20mhz_10slots_ratio2_25up_75down_rep4,2.0,,,,,,
edge_9677aecfbc18442388,external_reference_evidence:source:campus_qos:7d40f1cbee10,external_reference_evidence:reference_context:scenario_oai_b200_40mhz_5slots_ratio4_50up_150down_rep5:25e5d7195b56,source_has_reference_context,external_reference_evidence,True,2.0,campus_qos,,,,,,,scenario,oai_b200_40mhz_5slots_ratio4_50up_150down_rep5,2.0,,,,,,
edge_0a3b824edf83cc4cfd,external_reference_evidence:source:campus_qos:7d40f1cbee10,external_reference_evidence:reference_context:scenario_srs_b200_20mhz_10slots_ratio2_25up_75down_rep5:aef22e604af8,source_has_reference_context,external_reference_evidence,True,2.0,campus_qos,,,,,,,scenario,srs_b200_20mhz_10slots_ratio2_25up_75down_rep5,2.0,,,,,,
edge_8c73e55897c881efb5,external_reference_evidence:source:campus_qos:7d40f1cbee10,external_reference_evidence:reference_context:scenario_srs_b200_20mhz_10slots_ratio4_25up_75down_rep1:9d9d49dc1f75,source_has_reference_context,external_reference_evidence,True,2.0,campus_qos,,,,,,,scenario,srs_b200_20mhz_10slots_ratio4_25up_75down_rep1,2.0,,,,,,
edge_3b1761c31a1965c4a0,external_reference_evidence:source:campus_qos:7d40f1cbee10,external_reference_evidence:reference_context:scenario_srs_b200_20mhz_10slots_ratio4_25up_75down_rep2:2e2961476c00,source_has_reference_context,external_reference_evidence,True,2.0,campus_qos,,,,,,,scenario,srs_b200_20mhz_10slots_ratio4_25up_75down_rep2,2.0,,,,,,
edge_22423e273c0e2f51ea,external_reference_evidence:source:campus_qos:7d40f1cbee10,external_reference_evidence:reference_context:scenario_srs_b200_20mhz_10slots_ratio4_25up_75down_rep3:a8771155beda,source_has_reference_context,external_reference_evidence,True,2.0,campus_qos,,,,,,,scenario,srs_b200_20mhz_10slots_ratio4_25up_75down_rep3,2.0,,,,,,
edge_3b2bcab7c3e207450e,external_reference_evidence:source:campus_qos:7d40f1cbee10,external_reference_evidence:reference_context:scenario_srs_b200_20mhz_10slots_ratio4_25up_75down_rep4:c29f6193a0c6,source_has_reference_context,external_reference_evidence,True,2.0,campus_qos,,,,,,,scenario,srs_b200_20mhz_10slots_ratio4_25up_75down_rep4,2.0,,,,,,
edge_33f2d6f8f9a0cf963a,external_reference_evidence:source:campus_qos:7d40f1cbee10,external_reference_evidence:reference_context:scenario_srs_b200_20mhz_10slots_ratio4_25up_75down_rep5:7e798da818cc,source_has_reference_context,external_reference_evidence,True,2.0,campus_qos,,,,,,,scenario,srs_b200_20mhz_10slots_ratio4_25up_75down_rep5,2.0,,,,,,
edge_62f57ae91daef3489f,external_reference_evidence:source:campus_qos:7d40f1cbee10,external_reference_evidence:reference_context:scenario_srs_b200_20mhz_10slots_ratio1_25up_75down_rep1:a23576fd01fc,source_has_reference_context,external_reference_evidence,True,2.0,campus_qos,,,,,,,scenario,srs_b200_20mhz_10slots_ratio1_25up_75down_rep1,2.0,,,,,,
edge_b884e4bdb2591522cd,external_reference_evidence:source:campus_qos:7d40f1cbee10,external_reference_evidence:reference_context:scenario_srs_b200_20mhz_10slots_ratio2_25up_75down_rep3:444ec5ff6991,source_has_reference_context,external_reference_evidence,True,2.0,campus_qos,,,,,,,scenario,srs_b200_20mhz_10slots_ratio2_25up_75down_rep3,2.0,,,,,,
edge_0f9f77cf38d4b35137,external_reference_evidence:source:campus_qos:7d40f1cbee10,external_reference_evidence:reference_context:scenario_oai_b200_40mhz_5slots_ratio4_50up_150down_rep4:fe252efa992c,source_has_reference_context,external_reference_evidence,True,2.0,campus_qos,,,,,,,scenario,oai_b200_40mhz_5slots_ratio4_50up_150down_rep4,2.0,,,,,,
edge_32e9a4b09221e1edba,external_reference_evidence:source:campus_qos:7d40f1cbee10,external_reference_evidence:reference_context:scenario_oai_b200_40mhz_5slots_ratio1_50up_150down_rep2:fb4ec4df5bde,source_has_reference_context,external_reference_evidence,True,2.0,campus_qos,,,,,,,scenario,oai_b200_40mhz_5slots_ratio1_50up_150down_rep2,2.0,,,,,,
edge_acbcd244d7db429c15,external_reference_evidence:source:campus_qos:7d40f1cbee10,external_reference_evidence:reference_context:scenario_oai_b200_40mhz_5slots_ratio4_50up_150down_rep3:7aa2a000d77a,source_has_reference_context,external_reference_evidence,True,2.0,campus_qos,,,,,,,scenario,oai_b200_40mhz_5slots_ratio4_50up_150down_rep3,2.0,,,,,,
edge_c5ee581f9f6e483e06,external_reference_evidence:source:campus_qos:7d40f1cbee10,external_reference_evidence:reference_context:scenario_oai_b200_40mhz_20slots_ratio2_50up_150down_rep1:bfe8c44a0b7e,source_has_reference_context,external_reference_evidence,True,2.0,campus_qos,,,,,,,scenario,oai_b200_40mhz_20slots_ratio2_50up_150down_rep1,2.0,,,,,,
edge_69db8ca5dd1d14cc52,external_reference_evidence:source:campus_qos:7d40f1cbee10,external_reference_evidence:reference_context:scenario_oai_b200_40mhz_20slots_ratio2_50up_150down_rep2:e0cca24dd028,source_has_reference_context,external_reference_evidence,True,2.0,campus_qos,,,,,,,scenario,oai_b200_40mhz_20slots_ratio2_50up_150down_rep2,2.0,,,,,,
edge_056c77086d2439005d,external_reference_evidence:source:campus_qos:7d40f1cbee10,external_reference_evidence:reference_context:scenario_oai_b200_40mhz_20slots_ratio2_50up_150down_rep3:0e3189f3a49c,source_has_reference_context,external_reference_evidence,True,2.0,campus_qos,,,,,,,scenario,oai_b200_40mhz_20slots_ratio2_50up_150down_rep3,2.0,,,,,,
edge_31691f4e3077034e1d,external_reference_evidence:source:campus_qos:7d40f1cbee10,external_reference_evidence:reference_context:scenario_oai_b200_40mhz_20slots_ratio2_50up_150down_rep5:48f6d3941881,source_has_reference_context,external_reference_evidence,True,2.0,campus_qos,,,,,,,scenario,oai_b200_40mhz_20slots_ratio2_50up_150down_rep5,2.0,,,,,,
edge_0384417c9d1716d456,external_reference_evidence:source:campus_qos:7d40f1cbee10,external_reference_evidence:reference_context:scenario_oai_b200_40mhz_5slots_ratio1_50up_150down_rep1:9e62f17c3e7e,source_has_reference_context,external_reference_evidence,True,2.0,campus_qos,,,,,,,scenario,oai_b200_40mhz_5slots_ratio1_50up_150down_rep1,2.0,,,,,,
edge_d316ae823e3d1d8b22,external_reference_evidence:source:campus_qos:7d40f1cbee10,external_reference_evidence:reference_context:scenario_oai_b200_40mhz_20slots_ratio2_50up_150down_rep4:f262662c08f5,source_has_reference_context,external_reference_evidence,True,2.0,campus_qos,,,,,,,scenario,oai_b200_40mhz_20slots_ratio2_50up_150down_rep4,2.0,,,,,,
edge_25940705d25701605e,external_reference_evidence:source:campus_qos:7d40f1cbee10,external_reference_evidence:reference_context:scenario_oai_b200_40mhz_5slots_ratio1_50up_150down_rep5:7c17f112580a,source_has_reference_context,external_reference_evidence,True,2.0,campus_qos,,,,,,,scenario,oai_b200_40mhz_5slots_ratio1_50up_150down_rep5,2.0,,,,,,
edge_d75dc066263f0da4a9,external_reference_evidence:source:campus_qos:7d40f1cbee10,external_reference_evidence:reference_context:scenario_oai_b200_40mhz_5slots_ratio2_50up_150down_rep1:a7ced575304b,source_has_reference_context,external_reference_evidence,True,2.0,campus_qos,,,,,,,scenario,oai_b200_40mhz_5slots_ratio2_50up_150down_rep1,2.0,,,,,,
edge_0bcd7b0ea170b78b9a,external_reference_evidence:source:campus_qos:7d40f1cbee10,external_reference_evidence:reference_context:scenario_oai_b200_40mhz_5slots_ratio2_50up_150down_rep2:f6d85e8f05e1,source_has_reference_context,external_reference_evidence,True,2.0,campus_qos,,,,,,,scenario,oai_b200_40mhz_5slots_ratio2_50up_150down_rep2,2.0,,,,,,
edge_4f2718a8042bfbcb18,external_reference_evidence:source:campus_qos:7d40f1cbee10,external_reference_evidence:reference_context:scenario_oai_b200_40mhz_5slots_ratio2_50up_150down_rep3:9380b31689cc,source_has_reference_context,external_reference_evidence,True,2.0,campus_qos,,,,,,,scenario,oai_b200_40mhz_5slots_ratio2_50up_150down_rep3,2.0,,,,,,
edge_3cfa9a7fddcd2356f9,external_reference_evidence:source:campus_qos:7d40f1cbee10,external_reference_evidence:reference_context:scenario_oai_b200_40mhz_5slots_ratio2_50up_150down_rep5:5050ed73cd80,source_has_reference_context,external_reference_evidence,True,2.0,campus_qos,,,,,,,scenario,oai_b200_40mhz_5slots_ratio2_50up_150down_rep5,2.0,,,,,,
edge_82816be33d73f98a7e,external_reference_evidence:source:campus_qos:7d40f1cbee10,external_reference_evidence:reference_context:scenario_oai_b200_40mhz_5slots_ratio4_50up_150down_rep1:f40f94f4712f,source_has_reference_context,external_reference_evidence,True,2.0,campus_qos,,,,,,,scenario,oai_b200_40mhz_5slots_ratio4_50up_150down_rep1,2.0,,,,,,
edge_28229722be97571177,external_reference_evidence:source:campus_qos:7d40f1cbee10,external_reference_evidence:reference_context:scenario_oai_b200_40mhz_5slots_ratio4_50up_150down_rep2:cbbade014802,source_has_reference_context,external_reference_evidence,True,2.0,campus_qos,,,,,,,scenario,oai_b200_40mhz_5slots_ratio4_50up_150down_rep2,2.0,,,,,,
edge_8637e267aff634284f,external_reference_evidence:source:campus_qos:7d40f1cbee10,external_reference_evidence:reference_context:scenario_oai_b200_40mhz_10slots_ratio2_50up_150down_rep4:659f660a420d,source_has_reference_context,external_reference_evidence,True,1.0,campus_qos,,,,,,,scenario,oai_b200_40mhz_10slots_ratio2_50up_150down_rep4,1.0,,,,,,
edge_826435478d35ae5bf9,external_reference_evidence:source:campus_qos:7d40f1cbee10,external_reference_evidence:reference_context:scenario_srs_b200_20mhz_5slots_ratio2_25up_75down_rep5:f3f8465c9c94,source_has_reference_context,external_reference_evidence,True,1.0,campus_qos,,,,,,,scenario,srs_b200_20mhz_5slots_ratio2_25up_75down_rep5,1.0,,,,,,
edge_90bd145d2385ed4ce4,external_reference_evidence:source:campus_qos:7d40f1cbee10,external_reference_evidence:reference_context:scenario_srs_b200_20mhz_20slots_ratio2_25up_75down_rep5:e70f40ebf009,source_has_reference_context,external_reference_evidence,True,1.0,campus_qos,,,,,,,scenario,srs_b200_20mhz_20slots_ratio2_25up_75down_rep5,1.0,,,,,,
edge_82674404995214949f,external_reference_evidence:source:campus_qos:7d40f1cbee10,external_reference_evidence:reference_context:scenario_oai_b200_40mhz_5slots_ratio2_50up_150down_rep4:803c728fe29b,source_has_reference_context,external_reference_evidence,True,1.0,campus_qos,,,,,,,scenario,oai_b200_40mhz_5slots_ratio2_50up_150down_rep4,1.0,,,,,,
edge_85cf45a244ba973ec0,external_reference_evidence:source:campus_qos:7d40f1cbee10,external_reference_evidence:reference_context:scenario_oai_b200_40mhz_5slots_ratio1_50up_150down_rep4:7ce83ccbfb48,source_has_reference_context,external_reference_evidence,True,1.0,campus_qos,,,,,,,scenario,oai_b200_40mhz_5slots_ratio1_50up_150down_rep4,1.0,,,,,,
edge_4f1f78efa61249037a,external_reference_evidence:source:campus_qos:7d40f1cbee10,external_reference_evidence:reference_context:scenario_oai_b200_40mhz_5slots_ratio1_50up_150down_rep3:6dc4fd78f581,source_has_reference_context,external_reference_evidence,True,1.0,campus_qos,,,,,,,scenario,oai_b200_40mhz_5slots_ratio1_50up_150down_rep3,1.0,,,,,,
edge_15189d84924a68d071,external_reference_evidence:source:campus_qos:7d40f1cbee10,external_reference_evidence:reference_context:scenario_oai_b200_40mhz_20slots_ratio1_50up_150down_rep5:9c8a850d8950,source_has_reference_context,external_reference_evidence,True,1.0,campus_qos,,,,,,,scenario,oai_b200_40mhz_20slots_ratio1_50up_150down_rep5,1.0,,,,,,
edge_da83e7c9d89b47425c,external_reference_evidence:source:campus_qos:7d40f1cbee10,external_reference_evidence:reference_context:scenario_oai_b200_40mhz_10slots_ratio4_50up_150down_rep5:185f5d50cce1,source_has_reference_context,external_reference_evidence,True,1.0,campus_qos,,,,,,,scenario,oai_b200_40mhz_10slots_ratio4_50up_150down_rep5,1.0,,,,,,
edge_9120046d2d7ac19f92,external_reference_evidence:source:campus_qos:7d40f1cbee10,external_reference_evidence:reference_context:scenario_oai_b200_20mhz_10slots_ratio4_25up_75down_rep4:accd3cce24b2,source_has_reference_context,external_reference_evidence,True,1.0,campus_qos,,,,,,,scenario,oai_b200_20mhz_10slots_ratio4_25up_75down_rep4,1.0,,,,,,
edge_fa183df0dceb4e836b,external_reference_evidence:source:campus_qos:7d40f1cbee10,external_reference_evidence:reference_context:scenario_oai_b200_20mhz_5slots_ratio4_25up_75down_rep4:a251d5d3fd49,source_has_reference_context,external_reference_evidence,True,1.0,campus_qos,,,,,,,scenario,oai_b200_20mhz_5slots_ratio4_25up_75down_rep4,1.0,,,,,,
edge_e8b7f4448cb1be556a,external_reference_evidence:source:campus_qos:7d40f1cbee10,external_reference_evidence:reference_context:scenario_oai_b200_20mhz_5slots_ratio4_25up_75down_rep1:b910b8d94625,source_has_reference_context,external_reference_evidence,True,1.0,campus_qos,,,,,,,scenario,oai_b200_20mhz_5slots_ratio4_25up_75down_rep1,1.0,,,,,,
edge_6ba2a9da3d4264405d,external_reference_evidence:source:campus_qos:7d40f1cbee10,external_reference_evidence:reference_context:scenario_oai_b200_20mhz_5slots_ratio2_25up_75down_rep3:04f4986c95f2,source_has_reference_context,external_reference_evidence,True,1.0,campus_qos,,,,,,,scenario,oai_b200_20mhz_5slots_ratio2_25up_75down_rep3,1.0,,,,,,
edge_2f7071432448a35de9,external_reference_evidence:source:campus_qos:7d40f1cbee10,external_reference_evidence:reference_context:scenario_oai_b200_20mhz_5slots_ratio1_25up_75down_rep2:43a9f7b258de,source_has_reference_context,external_reference_evidence,True,1.0,campus_qos,,,,,,,scenario,oai_b200_20mhz_5slots_ratio1_25up_75down_rep2,1.0,,,,,,
edge_397b98466bda8f011f,external_reference_evidence:source:campus_qos:7d40f1cbee10,external_reference_evidence:reference_context:scenario_oai_b200_20mhz_20slots_ratio2_25up_75down_rep3:ba8f5be4d03b,source_has_reference_context,external_reference_evidence,True,1.0,campus_qos,,,,,,,scenario,oai_b200_20mhz_20slots_ratio2_25up_75down_rep3,1.0,,,,,,
edge_91f4fbd403648c7c5a,external_reference_evidence:source:campus_qos:7d40f1cbee10,external_reference_evidence:reference_context:scenario_oai_b200_20mhz_20slots_ratio1_25up_75down_rep2:0747eb0b52c7,source_has_reference_context,external_reference_evidence,True,1.0,campus_qos,,,,,,,scenario,oai_b200_20mhz_20slots_ratio1_25up_75down_rep2,1.0,,,,,,
edge_d0527a9353979348c4,external_reference_evidence:source:campus_qos:7d40f1cbee10,external_reference_evidence:reference_context:scenario_oai_b200_20mhz_20slots_ratio1_25up_75down_rep1:55b0b75b830a,source_has_reference_context,external_reference_evidence,True,1.0,campus_qos,,,,,,,scenario,oai_b200_20mhz_20slots_ratio1_25up_75down_rep1,1.0,,,,,,
edge_b3b011d32d58366094,external_reference_evidence:source:campus_qos:7d40f1cbee10,external_reference_evidence:reference_context:scenario_oai_b200_20mhz_10slots_ratio4_25up_75down_rep3:af0ff3434798,source_has_reference_context,external_reference_evidence,True,1.0,campus_qos,,,,,,,scenario,oai_b200_20mhz_10slots_ratio4_25up_75down_rep3,1.0,,,,,,
edge_ee3798299918c88619,external_reference_evidence:source:campus_qos:7d40f1cbee10,external_reference_evidence:reference_context:scenario_srs_b200_40mhz_5slots_ratio1_50up_150down_rep5:f3e7ba8aec85,source_has_reference_context,external_reference_evidence,True,1.0,campus_qos,,,,,,,scenario,srs_b200_40mhz_5slots_ratio1_50up_150down_rep5,1.0,,,,,,
edge_a36bdb736c971022ab,external_reference_evidence:source:ucc_5g_context:3bfe5e5f2660,external_reference_evidence:reference_context:technology_5g:6acd031cdcc0,source_has_reference_context,external_reference_evidence,True,136403.0,ucc_5g_context,,,,,,,technology,5g,136403.0,,,,,,
edge_1eef81d7747219ed5d,external_reference_evidence:source:ucc_5g_context:3bfe5e5f2660,external_reference_evidence:reference_context:technology_lte:94765a3201a2,source_has_reference_context,external_reference_evidence,True,35212.0,ucc_5g_context,,,,,,,technology,lte,35212.0,,,,,,
edge_a14292808c75a347b2,external_reference_evidence:source:ucc_5g_context:3bfe5e5f2660,external_reference_evidence:reference_context:technology_3g:47cda6f5b5a8,source_has_reference_context,external_reference_evidence,True,16372.0,ucc_5g_context,,,,,,,technology,3g,16372.0,,,,,,
edge_62661e4e26aa29b701,external_reference_evidence:source:ucc_5g_context:3bfe5e5f2660,external_reference_evidence:reference_context:technology_unknown:b9b9b0829f1c,source_has_reference_context,external_reference_evidence,True,633.0,ucc_5g_context,,,,,,,technology,unknown,633.0,,,,,,
edge_d72180cf278bed3882,external_reference_evidence:source:ucc_5g_context:3bfe5e5f2660,external_reference_evidence:reference_context:technology_2g:d68129b07678,source_has_reference_context,external_reference_evidence,True,91.0,ucc_5g_context,,,,,,,technology,2g,91.0,,,,,,
edge_269c21efdc3d6687a7,external_reference_evidence:source:ucc_5g_context:3bfe5e5f2660,external_reference_evidence:reference_context:measurement_source_phone:73d2dc1bfc3e,source_has_reference_context,external_reference_evidence,True,188711.0,ucc_5g_context,,,,,,,measurement_source,phone,188711.0,,,,,,
edge_b30c809b0e17788cef,external_reference_evidence:source:ucc_5g_context:3bfe5e5f2660,external_reference_evidence:reference_context:measurement_context_production_trace:eb86b6caa648,source_has_reference_context,external_reference_evidence,True,188711.0,ucc_5g_context,,,,,,,measurement_context,production_trace,188711.0,,,,,,
edge_6860d2eefd0990858b,external_reference_evidence:source:ucc_5g_context:3bfe5e5f2660,external_reference_evidence:reference_context:application_context_netflix:db7c7e327fc4,source_has_reference_context,external_reference_evidence,True,72832.0,ucc_5g_context,,,,,,,application_context,Netflix,72832.0,,,,,,
edge_5f01ddf80e6cbce1dc,external_reference_evidence:source:ucc_5g_context:3bfe5e5f2660,external_reference_evidence:reference_context:application_context_amazon_prime:fc9e4d120356,source_has_reference_context,external_reference_evidence,True,72671.0,ucc_5g_context,,,,,,,application_context,Amazon_Prime,72671.0,,,,,,
edge_71ed5f92ad4f2f5b8e,external_reference_evidence:source:ucc_5g_context:3bfe5e5f2660,external_reference_evidence:reference_context:application_context_download:0ac3bb5660de,source_has_reference_context,external_reference_evidence,True,43208.0,ucc_5g_context,,,,,,,application_context,Download,43208.0,,,,,,
edge_375e604d9fbf5371e8,external_reference_evidence:source:ucc_5g_context:3bfe5e5f2660,external_reference_evidence:reference_context:mobility_context_driving:4e8a52f89a8c,source_has_reference_context,external_reference_evidence,True,103545.0,ucc_5g_context,,,,,,,mobility_context,Driving,103545.0,,,,,,
edge_fd897efd9f63324d65,external_reference_evidence:source:ucc_5g_context:3bfe5e5f2660,external_reference_evidence:reference_context:mobility_context_static:a19762848f5c,source_has_reference_context,external_reference_evidence,True,85166.0,ucc_5g_context,,,,,,,mobility_context,Static,85166.0,,,,,,
edge_dce9d606d895cb90e8,external_reference_evidence:source:ucc_5g_context:3bfe5e5f2660,external_reference_evidence:reference_context:network_mode_5g:b7ac4161e85d,source_has_reference_context,external_reference_evidence,True,136403.0,ucc_5g_context,,,,,,,network_mode,5G,136403.0,,,,,,
edge_1fc5b11841d802b3b0,external_reference_evidence:source:ucc_5g_context:3bfe5e5f2660,external_reference_evidence:reference_context:network_mode_lte:687da26df707,source_has_reference_context,external_reference_evidence,True,35212.0,ucc_5g_context,,,,,,,network_mode,LTE,35212.0,,,,,,
edge_4f7a313a1ab5dd1b7e,external_reference_evidence:source:ucc_5g_context:3bfe5e5f2660,external_reference_evidence:reference_context:network_mode_hspa+:1a311b71eb59,source_has_reference_context,external_reference_evidence,True,15880.0,ucc_5g_context,,,,,,,network_mode,HSPA+,15880.0,,,,,,
edge_41eea7b5ff2cb799e5,external_reference_evidence:source:ucc_5g_context:3bfe5e5f2660,external_reference_evidence:reference_context:network_mode_umts:6953c268e7a5,source_has_reference_context,external_reference_evidence,True,492.0,ucc_5g_context,,,,,,,network_mode,UMTS,492.0,,,,,,
edge_0c933494d1bdd1620b,external_reference_evidence:source:ucc_5g_context:3bfe5e5f2660,external_reference_evidence:reference_context:network_mode_hsupa:ace84350c56d,source_has_reference_context,external_reference_evidence,True,470.0,ucc_5g_context,,,,,,,network_mode,HSUPA,470.0,,,,,,
edge_7a8e42c43e8e78c601,external_reference_evidence:source:ucc_5g_context:3bfe5e5f2660,external_reference_evidence:reference_context:network_mode_hsdpa:8982a386bf39,source_has_reference_context,external_reference_evidence,True,163.0,ucc_5g_context,,,,,,,network_mode,HSDPA,163.0,,,,,,
edge_9e1ac696dfbabf5479,external_reference_evidence:source:ucc_5g_context:3bfe5e5f2660,external_reference_evidence:reference_context:network_mode_gprs:8e182c1ab7fd,source_has_reference_context,external_reference_evidence,True,78.0,ucc_5g_context,,,,,,,network_mode,GPRS,78.0,,,,,,
edge_ef04ebd4492199c348,external_reference_evidence:source:ucc_5g_context:3bfe5e5f2660,external_reference_evidence:reference_context:network_mode_edge:b5e6325aad1b,source_has_reference_context,external_reference_evidence,True,13.0,ucc_5g_context,,,,,,,network_mode,EDGE,13.0,,,,,,
edge_2234acad656e1b0fc4,external_reference_evidence:source:ucc_5g_context:3bfe5e5f2660,external_reference_evidence:reference_context:scenario_season3-strangerthings:f4ad498b7342,source_has_reference_context,external_reference_evidence,True,48947.0,ucc_5g_context,,,,,,,scenario,Season3-StrangerThings,48947.0,,,,,,
edge_e7fed8ee534eeae284,external_reference_evidence:source:ucc_5g_context:3bfe5e5f2660,external_reference_evidence:reference_context:scenario_season3-theexpanse:e418f05433b6,source_has_reference_context,external_reference_evidence,True,47352.0,ucc_5g_context,,,,,,,scenario,Season3-TheExpanse,47352.0,,,,,,
edge_378454a78a8b03eb25,external_reference_evidence:source:ucc_5g_context:3bfe5e5f2660,external_reference_evidence:reference_context:scenario_animated-rickandmorty:97aa7ffc7d1d,source_has_reference_context,external_reference_evidence,True,23885.0,ucc_5g_context,,,,,,,scenario,animated-RickandMorty,23885.0,,,,,,
edge_ea9bda8d0a030e7bd1,external_reference_evidence:source:ucc_5g_context:3bfe5e5f2660,external_reference_evidence:reference_context:scenario_animated-adventuretime:bddb8978eb50,source_has_reference_context,external_reference_evidence,True,13385.0,ucc_5g_context,,,,,,,scenario,animated-AdventureTime,13385.0,,,,,,
edge_8b52aabb3bb7dd021b,external_reference_evidence:source:ucc_5g_context:3bfe5e5f2660,external_reference_evidence:reference_context:scenario_animated-ninjago:22c05efc56ad,source_has_reference_context,external_reference_evidence,True,11934.0,ucc_5g_context,,,,,,,scenario,animated-Ninjago,11934.0,,,,,,
edge_6ca16a83cd2fad083a,external_reference_evidence:source:ns3_lena:159e140fa99f,external_reference_evidence:reference_context:technology_5g:6acd031cdcc0,source_has_reference_context,external_reference_evidence,True,12.0,ns3_lena,,,,,,,technology,5g,12.0,,,,,,
edge_6acdee772e9af1bb3b,external_reference_evidence:source:ns3_lena:159e140fa99f,external_reference_evidence:reference_context:measurement_source_simulator:5300fda58e1a,source_has_reference_context,external_reference_evidence,True,12.0,ns3_lena,,,,,,,measurement_source,simulator,12.0,,,,,,
edge_2239388423f6050bfd,external_reference_evidence:source:ns3_lena:159e140fa99f,external_reference_evidence:reference_context:measurement_context_controlled_simulation:759bbb4ef790,source_has_reference_context,external_reference_evidence,True,12.0,ns3_lena,,,,,,,measurement_context,controlled_simulation,12.0,,,,,,
edge_723c021fe259fd01a4,external_reference_evidence:source:ns3_lena:159e140fa99f,external_reference_evidence:reference_context:application_context_qos_reference:40081d029059,source_has_reference_context,external_reference_evidence,True,12.0,ns3_lena,,,,,,,application_context,qos_reference,12.0,,,,,,
edge_8098c6e22a212f701f,external_reference_evidence:source:ns3_lena:159e140fa99f,external_reference_evidence:reference_context:mobility_context_controlled:c08c59309de8,source_has_reference_context,external_reference_evidence,True,12.0,ns3_lena,,,,,,,mobility_context,controlled,12.0,,,,,,
edge_33b0ef7aa83ac69ad0,external_reference_evidence:source:ns3_lena:159e140fa99f,external_reference_evidence:reference_context:network_mode_5g_nr:a15aa4eb5196,source_has_reference_context,external_reference_evidence,True,12.0,ns3_lena,,,,,,,network_mode,5g_nr,12.0,,,,,,
edge_939eb72c38637fe2fc,external_reference_evidence:source:ns3_lena:159e140fa99f,external_reference_evidence:reference_context:scenario_medium_load_ofdma_seed_1:9b4ca3496156,source_has_reference_context,external_reference_evidence,True,1.0,ns3_lena,,,,,,,scenario,medium_load_ofdma_seed_1,1.0,,,,,,
edge_120b257fd290aa8af0,external_reference_evidence:source:ns3_lena:159e140fa99f,external_reference_evidence:reference_context:scenario_medium_load_ofdma_seed_2:319b6ba7f2f2,source_has_reference_context,external_reference_evidence,True,1.0,ns3_lena,,,,,,,scenario,medium_load_ofdma_seed_2,1.0,,,,,,
edge_fa433a87094f831b41,external_reference_evidence:source:ns3_lena:159e140fa99f,external_reference_evidence:reference_context:scenario_medium_load_ofdma_seed_3:b14fe820f573,source_has_reference_context,external_reference_evidence,True,1.0,ns3_lena,,,,,,,scenario,medium_load_ofdma_seed_3,1.0,,,,,,
edge_96c55cb3ecd22abec8,external_reference_evidence:source:ns3_lena:159e140fa99f,external_reference_evidence:reference_context:scenario_medium_load_tdma_seed_1:6492cce4a63e,source_has_reference_context,external_reference_evidence,True,1.0,ns3_lena,,,,,,,scenario,medium_load_tdma_seed_1,1.0,,,,,,
edge_975f9d89c8bd87b7ac,external_reference_evidence:source:ns3_lena:159e140fa99f,external_reference_evidence:reference_context:scenario_medium_load_tdma_seed_2:26a6e0ccf97c,source_has_reference_context,external_reference_evidence,True,1.0,ns3_lena,,,,,,,scenario,medium_load_tdma_seed_2,1.0,,,,,,
edge_fe67bca34a7317223d,external_reference_evidence:source:ns3_lena:159e140fa99f,external_reference_evidence:reference_context:scenario_medium_load_tdma_seed_3:8f8a2187d6f1,source_has_reference_context,external_reference_evidence,True,1.0,ns3_lena,,,,,,,scenario,medium_load_tdma_seed_3,1.0,,,,,,
edge_0fbd7c2a62a1c03b96,external_reference_evidence:source:ns3_lena:159e140fa99f,external_reference_evidence:reference_context:scenario_saturation_load_ofdma_seed_1:6538dcff7ac7,source_has_reference_context,external_reference_evidence,True,1.0,ns3_lena,,,,,,,scenario,saturation_load_ofdma_seed_1,1.0,,,,,,
edge_235de074504b099663,external_reference_evidence:source:ns3_lena:159e140fa99f,external_reference_evidence:reference_context:scenario_saturation_load_ofdma_seed_2:211533f20ba8,source_has_reference_context,external_reference_evidence,True,1.0,ns3_lena,,,,,,,scenario,saturation_load_ofdma_seed_2,1.0,,,,,,
edge_6ee500055c17ded0bf,external_reference_evidence:source:ns3_lena:159e140fa99f,external_reference_evidence:reference_context:scenario_saturation_load_ofdma_seed_3:afd2aff654ed,source_has_reference_context,external_reference_evidence,True,1.0,ns3_lena,,,,,,,scenario,saturation_load_ofdma_seed_3,1.0,,,,,,
edge_5480d2459ccb286d94,external_reference_evidence:source:ns3_lena:159e140fa99f,external_reference_evidence:reference_context:scenario_saturation_load_tdma_seed_1:65667cc26e71,source_has_reference_context,external_reference_evidence,True,1.0,ns3_lena,,,,,,,scenario,saturation_load_tdma_seed_1,1.0,,,,,,
edge_d2fc81237a0895985b,external_reference_evidence:source:ns3_lena:159e140fa99f,external_reference_evidence:reference_context:scenario_saturation_load_tdma_seed_2:6a5c478c54c6,source_has_reference_context,external_reference_evidence,True,1.0,ns3_lena,,,,,,,scenario,saturation_load_tdma_seed_2,1.0,,,,,,
edge_e942fabf3e0464638f,external_reference_evidence:source:ns3_lena:159e140fa99f,external_reference_evidence:reference_context:scenario_saturation_load_tdma_seed_3:72e84e3dba79,source_has_reference_context,external_reference_evidence,True,1.0,ns3_lena,,,,,,,scenario,saturation_load_tdma_seed_3,1.0,,,,,,
edge_43c3aadbe6bc74673d,external_reference_evidence:source:synnetqos:a81eefc24311,external_reference_evidence:comparison:download_throughput_mbps_vienna_4g5g_unfiltered:34bf2ac0be0d,synnetqos_has_comparison,external_reference_evidence,True,1.0,,download_throughput_mbps,,,,main_text_candidate,,,,,vienna_4g5g,unfiltered,6.259999809265137,29.766393887503092,0.2884,selected-variable plausibility comparison; not field validation
edge_ea54c779f722e34f64,external_reference_evidence:source:vienna_4g5g:9718c68f019b,external_reference_evidence:comparison:download_throughput_mbps_vienna_4g5g_unfiltered:34bf2ac0be0d,reference_has_comparison,external_reference_evidence,True,1.0,,download_throughput_mbps,,,,main_text_candidate,,,,,vienna_4g5g,unfiltered,6.259999809265137,29.766393887503092,0.2884,selected-variable plausibility comparison; not field validation
edge_2414d56818d3437cd2,external_reference_evidence:comparison:download_throughput_mbps_vienna_4g5g_unfiltered:34bf2ac0be0d,external_reference_evidence:metric:download_throughput_mbps:ae2d9e2813b2,comparison_uses_metric,external_reference_evidence,True,1.0,,download_throughput_mbps,,,,main_text_candidate,,,,,vienna_4g5g,unfiltered,6.259999809265137,29.766393887503092,0.2884,selected-variable plausibility comparison; not field validation
edge_0d93c8927b85953a7f,external_reference_evidence:source:synnetqos:a81eefc24311,external_reference_evidence:comparison:download_throughput_mbps_campus_qos_unfiltered:33e5e01a98e7,synnetqos_has_comparison,external_reference_evidence,True,1.0,,download_throughput_mbps,,,,main_text_candidate,,,,,campus_qos,unfiltered,-48.445055249175695,51.06119800113255,0.6310662251655629,selected-variable plausibility comparison; not field validation
edge_69c3d9623238999b3e,external_reference_evidence:source:campus_qos:7d40f1cbee10,external_reference_evidence:comparison:download_throughput_mbps_campus_qos_unfiltered:33e5e01a98e7,reference_has_comparison,external_reference_evidence,True,1.0,,download_throughput_mbps,,,,main_text_candidate,,,,,campus_qos,unfiltered,-48.445055249175695,51.06119800113255,0.6310662251655629,selected-variable plausibility comparison; not field validation
edge_5c7955ec445cb1dde3,external_reference_evidence:comparison:download_throughput_mbps_campus_qos_unfiltered:33e5e01a98e7,external_reference_evidence:metric:download_throughput_mbps:ae2d9e2813b2,comparison_uses_metric,external_reference_evidence,True,1.0,,download_throughput_mbps,,,,main_text_candidate,,,,,campus_qos,unfiltered,-48.445055249175695,51.06119800113255,0.6310662251655629,selected-variable plausibility comparison; not field validation
edge_ec327f73486b60a6f1,external_reference_evidence:source:synnetqos:a81eefc24311,external_reference_evidence:comparison:download_throughput_mbps_ucc_5g_context_download_context:a8edabcebf15,synnetqos_has_comparison,external_reference_evidence,True,1.0,,download_throughput_mbps,,,,main_text_candidate,,,,,ucc_5g_context,Download context,3.5275,13.697324899999998,0.1072,selected-variable plausibility comparison; not field validation
edge_dd3c76afd3cf1d6409,external_reference_evidence:source:ucc_5g_context:3bfe5e5f2660,external_reference_evidence:comparison:download_throughput_mbps_ucc_5g_context_download_context:a8edabcebf15,reference_has_comparison,external_reference_evidence,True,1.0,,download_throughput_mbps,,,,main_text_candidate,,,,,ucc_5g_context,Download context,3.5275,13.697324899999998,0.1072,selected-variable plausibility comparison; not field validation
edge_7fbb7ae6ccb388c406,external_reference_evidence:comparison:download_throughput_mbps_ucc_5g_context_download_context:a8edabcebf15,external_reference_evidence:metric:download_throughput_mbps:ae2d9e2813b2,comparison_uses_metric,external_reference_evidence,True,1.0,,download_throughput_mbps,,,,main_text_candidate,,,,,ucc_5g_context,Download context,3.5275,13.697324899999998,0.1072,selected-variable plausibility comparison; not field validation
edge_0d5809c2ac7f60d5d6,external_reference_evidence:source:synnetqos:a81eefc24311,external_reference_evidence:comparison:jitter_ms_campus_qos_unfiltered:0388fd4853c1,synnetqos_has_comparison,external_reference_evidence,True,1.0,,jitter_ms,,,,supplementary_or_table,,,,,campus_qos,unfiltered,0.031104424873265,0.104044299936913,0.175451655629139,selected-variable plausibility comparison; not field validation
edge_9d83c83b82ce44e52f,external_reference_evidence:source:campus_qos:7d40f1cbee10,external_reference_evidence:comparison:jitter_ms_campus_qos_unfiltered:0388fd4853c1,reference_has_comparison,external_reference_evidence,True,1.0,,jitter_ms,,,,supplementary_or_table,,,,,campus_qos,unfiltered,0.031104424873265,0.104044299936913,0.175451655629139,selected-variable plausibility comparison; not field validation
edge_780b318f437bf45a19,external_reference_evidence:comparison:jitter_ms_campus_qos_unfiltered:0388fd4853c1,external_reference_evidence:metric:jitter_ms:5629abf68229,comparison_uses_metric,external_reference_evidence,True,1.0,,jitter_ms,,,,supplementary_or_table,,,,,campus_qos,unfiltered,0.031104424873265,0.104044299936913,0.175451655629139,selected-variable plausibility comparison; not field validation
edge_5b37a65191c47ac653,external_reference_evidence:source:synnetqos:a81eefc24311,external_reference_evidence:comparison:jitter_ms_ucc_5g_context_unfiltered:a928f1613ee6,synnetqos_has_comparison,external_reference_evidence,True,1.0,,jitter_ms,,,,supplementary_or_table,,,,,ucc_5g_context,unfiltered,-2.78,8.431350029925186,0.9614483790523692,selected-variable plausibility comparison; not field validation
edge_d707944746a2d327e3,external_reference_evidence:source:ucc_5g_context:3bfe5e5f2660,external_reference_evidence:comparison:jitter_ms_ucc_5g_context_unfiltered:a928f1613ee6,reference_has_comparison,external_reference_evidence,True,1.0,,jitter_ms,,,,supplementary_or_table,,,,,ucc_5g_context,unfiltered,-2.78,8.431350029925186,0.9614483790523692,selected-variable plausibility comparison; not field validation
edge_53b13ac38312094ecc,external_reference_evidence:comparison:jitter_ms_ucc_5g_context_unfiltered:a928f1613ee6,external_reference_evidence:metric:jitter_ms:5629abf68229,comparison_uses_metric,external_reference_evidence,True,1.0,,jitter_ms,,,,supplementary_or_table,,,,,ucc_5g_context,unfiltered,-2.78,8.431350029925186,0.9614483790523692,selected-variable plausibility comparison; not field validation
edge_b91ad883380b4fae3c,external_reference_evidence:source:synnetqos:a81eefc24311,external_reference_evidence:comparison:latency_ms_ucc_5g_context_unfiltered:265d297896cd,synnetqos_has_comparison,external_reference_evidence,True,1.0,,latency_ms,,,,supplementary_or_table,,,,,ucc_5g_context,unfiltered,46.02,60.06613276309227,0.4917553615960099,selected-variable plausibility comparison; not field validation
edge_42fd0a68e97d28c5b5,external_reference_evidence:source:ucc_5g_context:3bfe5e5f2660,external_reference_evidence:comparison:latency_ms_ucc_5g_context_unfiltered:265d297896cd,reference_has_comparison,external_reference_evidence,True,1.0,,latency_ms,,,,supplementary_or_table,,,,,ucc_5g_context,unfiltered,46.02,60.06613276309227,0.4917553615960099,selected-variable plausibility comparison; not field validation
edge_5f7ea4d8f79d04f3ed,external_reference_evidence:comparison:latency_ms_ucc_5g_context_unfiltered:265d297896cd,external_reference_evidence:metric:latency_ms:d96181fbcbbb,comparison_uses_metric,external_reference_evidence,True,1.0,,latency_ms,,,,supplementary_or_table,,,,,ucc_5g_context,unfiltered,46.02,60.06613276309227,0.4917553615960099,selected-variable plausibility comparison; not field validation
edge_e8491b93d597add240,external_reference_evidence:source:synnetqos:a81eefc24311,external_reference_evidence:comparison:offered_downlink_mbps_campus_qos_unfiltered:63c525e399ea,synnetqos_has_comparison,external_reference_evidence,True,1.0,,offered_downlink_mbps,,,,supplementary_or_table,,,,,campus_qos,unfiltered,-81.34,140.01166274172186,0.5192,selected-variable plausibility comparison; not field validation
edge_b81b0f240cdd6e6fba,external_reference_evidence:source:campus_qos:7d40f1cbee10,external_reference_evidence:comparison:offered_downlink_mbps_campus_qos_unfiltered:63c525e399ea,reference_has_comparison,external_reference_evidence,True,1.0,,offered_downlink_mbps,,,,supplementary_or_table,,,,,campus_qos,unfiltered,-81.34,140.01166274172186,0.5192,selected-variable plausibility comparison; not field validation
edge_00bdf206eb2725f5b8,external_reference_evidence:comparison:offered_downlink_mbps_campus_qos_unfiltered:63c525e399ea,external_reference_evidence:metric:offered_downlink_mbps:4a86974694c8,comparison_uses_metric,external_reference_evidence,True,1.0,,offered_downlink_mbps,,,,supplementary_or_table,,,,,campus_qos,unfiltered,-81.34,140.01166274172186,0.5192,selected-variable plausibility comparison; not field validation
edge_04cfcfd7d05ca3f0d8,external_reference_evidence:source:synnetqos:a81eefc24311,external_reference_evidence:comparison:signal_dbm_vienna_4g5g_unfiltered:041543d3a3dc,synnetqos_has_comparison,external_reference_evidence,True,1.0,,signal_dbm,,,,main_text_candidate,,,,,vienna_4g5g,unfiltered,-2.984999999999999,4.17331195552063,0.0978,selected-variable plausibility comparison; not field validation
edge_046235dfec307feae5,external_reference_evidence:source:vienna_4g5g:9718c68f019b,external_reference_evidence:comparison:signal_dbm_vienna_4g5g_unfiltered:041543d3a3dc,reference_has_comparison,external_reference_evidence,True,1.0,,signal_dbm,,,,main_text_candidate,,,,,vienna_4g5g,unfiltered,-2.984999999999999,4.17331195552063,0.0978,selected-variable plausibility comparison; not field validation
edge_817d3adc19ac99e3d4,external_reference_evidence:comparison:signal_dbm_vienna_4g5g_unfiltered:041543d3a3dc,external_reference_evidence:metric:signal_dbm:3a4d672c419a,comparison_uses_metric,external_reference_evidence,True,1.0,,signal_dbm,,,,main_text_candidate,,,,,vienna_4g5g,unfiltered,-2.984999999999999,4.17331195552063,0.0978,selected-variable plausibility comparison; not field validation
edge_bdea0f7e14e971e2ba,external_reference_evidence:source:synnetqos:a81eefc24311,external_reference_evidence:comparison:signal_dbm_ucc_5g_context_unfiltered:87304fe9587c,synnetqos_has_comparison,external_reference_evidence,True,1.0,,signal_dbm,,,,main_text_candidate,,,,,ucc_5g_context,unfiltered,-5.484999999999999,7.943391999999999,0.3365,selected-variable plausibility comparison; not field validation
edge_6ccade720c8cde6799,external_reference_evidence:source:ucc_5g_context:3bfe5e5f2660,external_reference_evidence:comparison:signal_dbm_ucc_5g_context_unfiltered:87304fe9587c,reference_has_comparison,external_reference_evidence,True,1.0,,signal_dbm,,,,main_text_candidate,,,,,ucc_5g_context,unfiltered,-5.484999999999999,7.943391999999999,0.3365,selected-variable plausibility comparison; not field validation
edge_8c780b1c745671a79d,external_reference_evidence:comparison:signal_dbm_ucc_5g_context_unfiltered:87304fe9587c,external_reference_evidence:metric:signal_dbm:3a4d672c419a,comparison_uses_metric,external_reference_evidence,True,1.0,,signal_dbm,,,,main_text_candidate,,,,,ucc_5g_context,unfiltered,-5.484999999999999,7.943391999999999,0.3365,selected-variable plausibility comparison; not field validation
edge_3c10c1291013a538aa,external_reference_evidence:source:synnetqos:a81eefc24311,external_reference_evidence:comparison:upload_throughput_mbps_vienna_4g5g_unfiltered:2f0b5e096ec4,synnetqos_has_comparison,external_reference_evidence,True,1.0,,upload_throughput_mbps,,,,supplementary_or_table,,,,,vienna_4g5g,unfiltered,0.49,4.6147060022660185,0.1949,selected-variable plausibility comparison; not field validation
edge_dfb332b64945a776eb,external_reference_evidence:source:vienna_4g5g:9718c68f019b,external_reference_evidence:comparison:upload_throughput_mbps_vienna_4g5g_unfiltered:2f0b5e096ec4,reference_has_comparison,external_reference_evidence,True,1.0,,upload_throughput_mbps,,,,supplementary_or_table,,,,,vienna_4g5g,unfiltered,0.49,4.6147060022660185,0.1949,selected-variable plausibility comparison; not field validation
edge_d88efc167ca9151465,external_reference_evidence:comparison:upload_throughput_mbps_vienna_4g5g_unfiltered:2f0b5e096ec4,external_reference_evidence:metric:upload_throughput_mbps:599874e4d7f5,comparison_uses_metric,external_reference_evidence,True,1.0,,upload_throughput_mbps,,,,supplementary_or_table,,,,,vienna_4g5g,unfiltered,0.49,4.6147060022660185,0.1949,selected-variable plausibility comparison; not field validation
edge_e95cab4ddc08f0572a,external_reference_evidence:source:synnetqos:a81eefc24311,external_reference_evidence:comparison:upload_throughput_mbps_campus_qos_unfiltered:40ab23e47be5,synnetqos_has_comparison,external_reference_evidence,True,1.0,,upload_throughput_mbps,,,,supplementary_or_table,,,,,campus_qos,unfiltered,-8.167868687412895,7.112912179402203,0.4684331125827815,selected-variable plausibility comparison; not field validation
edge_f3a84940f202b9c0a0,external_reference_evidence:source:campus_qos:7d40f1cbee10,external_reference_evidence:comparison:upload_throughput_mbps_campus_qos_unfiltered:40ab23e47be5,reference_has_comparison,external_reference_evidence,True,1.0,,upload_throughput_mbps,,,,supplementary_or_table,,,,,campus_qos,unfiltered,-8.167868687412895,7.112912179402203,0.4684331125827815,selected-variable plausibility comparison; not field validation
edge_1268b7ccc0f23945fe,external_reference_evidence:comparison:upload_throughput_mbps_campus_qos_unfiltered:40ab23e47be5,external_reference_evidence:metric:upload_throughput_mbps:599874e4d7f5,comparison_uses_metric,external_reference_evidence,True,1.0,,upload_throughput_mbps,,,,supplementary_or_table,,,,,campus_qos,unfiltered,-8.167868687412895,7.112912179402203,0.4684331125827815,selected-variable plausibility comparison; not field validation
edge_8432fcfd9da30952c7,external_reference_evidence:source:synnetqos:a81eefc24311,external_reference_evidence:comparison:upload_throughput_mbps_ucc_5g_context_download_context:ffaf9b134218,synnetqos_has_comparison,external_reference_evidence,True,1.0,,upload_throughput_mbps,,,,supplementary_or_table,,,,,ucc_5g_context,Download context,0.892,6.2483293999999985,0.7023,selected-variable plausibility comparison; not field validation
edge_d5970120fdc57a484d,external_reference_evidence:source:ucc_5g_context:3bfe5e5f2660,external_reference_evidence:comparison:upload_throughput_mbps_ucc_5g_context_download_context:ffaf9b134218,reference_has_comparison,external_reference_evidence,True,1.0,,upload_throughput_mbps,,,,supplementary_or_table,,,,,ucc_5g_context,Download context,0.892,6.2483293999999985,0.7023,selected-variable plausibility comparison; not field validation
edge_fb61bc9688fbbd7c8e,external_reference_evidence:comparison:upload_throughput_mbps_ucc_5g_context_download_context:ffaf9b134218,external_reference_evidence:metric:upload_throughput_mbps:599874e4d7f5,comparison_uses_metric,external_reference_evidence,True,1.0,,upload_throughput_mbps,,,,supplementary_or_table,,,,,ucc_5g_context,Download context,0.892,6.2483293999999985,0.7023,selected-variable plausibility comparison; not field validation
